id_trades|trade_usd|kg|quantity|id_flow|id_year|id_quantity|id_code|id_country
1|1431426.0|0.0|23000.0|1|1|1|6929|155
2|31406.0|0.0|2545.0|1|1|1|6931|155
3|950.0|0.0|300.0|2|1|1|6931|155
4|950.0|0.0|300.0|3|1|1|6931|155
5|18251.0|0.0|450.0|1|1|1|6933|155
6|1800859.0|0.0|58683.0|1|1|1|6934|155
7|2100927.0|0.0|172909.0|1|1|1|6935|155
8|201837.0|0.0|630000.0|1|1|1|6939|155
9|19683.0|0.0|3160.0|1|1|1|6945|155
10|221126.0|0.0|22169.0|1|1|1|6946|155
11|9505.0|0.0|978.0|2|1|1|6947|155
12|9505.0|0.0|978.0|3|1|1|6947|155
13|70791.0|0.0|5451.0|1|2|1|6925|155
14|40882.0|0.0|3765.0|1|2|1|6931|155
15|282.0|0.0|60.0|2|2|1|6931|155
16|282.0|0.0|60.0|3|2|1|6931|155
17|1355051.0|0.0|56995.0|1|2|1|6934|155
18|291178.0|0.0|11307.0|1|2|1|6935|155
19|251488.0|0.0|4954.0|1|2|1|6938|155
20|66642.0|0.0|5231.0|1|2|1|6940|155
21|5782.0|0.0|1143.0|1|2|1|6945|155
22|43944.0|0.0|3586.0|1|2|1|6946|155
23|137221.0|0.0|4278.0|2|2|1|6946|155
24|137221.0|0.0|4278.0|3|2|1|6946|155
25|136336.0|0.0|5646.0|1|2|1|6947|155
26|42100.0|2479.0|2479.0|1|3|2|6925|155
27|33558.0|339.0|339.0|1|3|2|6928|155
28|327946.0|16000.0|16000.0|1|3|2|6929|155
29|28378.0|956.0|956.0|1|3|2|6931|155
30|2042182.0|553623.0|553623.0|1|3|2|6933|155
31|312258.0|18777.0|18777.0|1|3|2|6934|155
32|53508.0|4000.0|4000.0|2|3|2|6934|155
33|53508.0|4000.0|4000.0|3|3|2|6934|155
34|409683.0|14790.0|14790.0|1|3|2|6935|155
35|65066.0|1000.0|1000.0|2|3|2|6935|155
36|65066.0|1000.0|1000.0|3|3|2|6935|155
37|6115.0|234.0|234.0|1|3|2|6936|155
38|3038.0|744.0|744.0|1|3|2|6941|155
39|31879.0|2561.0|2561.0|1|3|2|6945|155
40|2030.0|129.0|129.0|2|3|2|6945|155
41|2030.0|129.0|129.0|3|3|2|6945|155
42|51359.0|9502.0|9502.0|1|3|2|6946|155
43|8437.0|324.0|324.0|1|3|2|6947|155
44|2304489.0|597566.0|597566.0|1|4|2|6928|155
45|838.0|18.0|18.0|2|4|2|6928|155
46|838.0|18.0|18.0|3|4|2|6928|155
47|3443882.0|121871.0|121871.0|1|4|2|6929|155
48|11233.0|998.0|998.0|1|4|2|6931|155
49|19817.0|1373.0|1373.0|1|4|2|6933|155
50|15718.0|10000.0|10000.0|2|4|2|6933|155
51|15718.0|10000.0|10000.0|3|4|2|6933|155
52|35152.0|1756.0|1756.0|1|4|2|6934|155
53|116303.0|7582.0|7582.0|1|4|2|6935|155
54|5199.0|14.0|14.0|1|4|2|6940|155
55|3934.0|308.0|308.0|1|4|2|6941|155
56|29486.0|1706.0|1706.0|1|4|2|6945|155
57|124607.0|7999.0|7999.0|1|4|2|6946|155
58|2248.0|83.0|83.0|2|4|2|6946|155
59|2248.0|83.0|83.0|3|4|2|6946|155
60|1013.0|804.0|804.0|1|4|2|6947|155
61|14636.0|0.0|0.0|1|5|3|6925|155
62|641191.0|0.0|0.0|1|5|3|6929|155
63|38585.0|0.0|3.0|1|5|1|6931|155
64|18360.0|0.0|1.0|1|5|1|6933|155
65|54523.0|0.0|1.0|1|5|1|6934|155
66|29132.0|0.0|2.0|1|5|1|6935|155
67|11097.0|0.0|0.0|1|5|3|6939|155
68|1484.0|0.0|0.0|1|5|3|6940|155
69|3.0|0.0|0.0|1|5|3|6941|155
70|14737.0|0.0|0.0|1|5|3|6945|155
71|31329.0|0.0|0.0|1|5|3|6946|155
72|297.0|0.0|0.0|2|5|3|6946|155
73|297.0|0.0|0.0|3|5|3|6946|155
74|152.0|0.0|0.0|1|5|3|6947|155
75|180856.0|43708.0||1|6|3|6925|156
76|397804.0|800.0||2|6|3|6925|156
77|397804.0|800.0||3|6|3|6925|156
78|187446.0|7405.0||1|6|3|6928|156
79|104813.0|246080.0||1|6|3|6929|156
80|33268.0|7890.0||1|6|3|6931|156
81|80033.0|4000.0||1|6|3|6934|156
82|40221.0|3908.0||1|6|3|6935|156
83|12728.0|5997.0||1|6|3|6936|156
84|433.0|492.0||2|6|3|6940|156
85|91028.0|17922.0||1|6|3|6941|156
86|18057.0|245.0||1|6|3|6945|156
87|55337.0|15934.0||1|6|3|6946|156
88|7509.0|2000.0|0.0|1|6|1|6947|156
89|199899.0|30401.0||1|7|3|6925|156
90|59207.0|15000.0||1|7|3|6946|156
91|38016.0|574.0||1|8|3|6928|156
92|9757.0|1667.0||1|8|3|6931|156
93|21021.0|1354.0||1|8|3|6938|156
94|184372.0|256.0||1|8|3|6941|156
95|4825.0|0.0|2.0|2|9|1|6934|156
96|8345.0|0.0|3.0|1|9|1|6935|156
97|165188.0|0.0|1.0|1|9|1|6938|156
98|2950.0|0.0|1.0|1|9|1|6940|156
99|13.0|0.0|4.0|1|9|1|6946|156
100|476.0|3500.0||1|10|3|6929|156
101|28382.0|18200.0|0.0|1|10|1|6934|156
102|4216541.0||14.0|1|6|1|6925|157
103|4935059.0||543.0|2|6|1|6925|157
104|69710.0||3.0|1|6|1|6926|157
105|9642.0||7.0|1|6|1|6927|157
106|14123225.0||43.0|1|6|1|6928|157
107|66276842.0||32.0|2|6|1|6928|157
108|223552.0||62.0|1|6|1|6929|157
109|3563.0|417.0|6.0|2|6|1|6929|157
110|2377225.0|159357.0|7226.0|1|6|1|6931|157
111|1642603.0|69231.0|3446.0|2|6|1|6931|157
112|6517040.0|288833.0|445.0|1|6|1|6933|157
113|3984824.0|164291.0|67.0|2|6|1|6933|157
114|995995.0||36.0|1|6|1|6934|157
115|1107290.0|39055.0|393.0|2|6|1|6934|157
116|60221319.0|3132923.0|3559.0|1|6|1|6935|157
117|64882654.0|3348278.0|893.0|2|6|1|6935|157
118|78137868.0||9675.0|1|6|1|6939|157
119|174887696.0|15886276.0|5144.0|2|6|1|6939|157
120|69693982.0||15793.0|1|6|1|6940|157
121|19033475.0||1934.0|2|6|1|6940|157
122|49303611.0|1713961.0|1277.0|1|6|1|6941|157
123|78855786.0||3119.0|2|6|1|6941|157
124|14057111.0||30050.0|1|6|1|6945|157
125|21053614.0||19307.0|2|6|1|6945|157
126|10042282.0|890959.0|40303.0|1|6|1|6946|157
127|6159347.0||84437.0|2|6|1|6946|157
128|102739.0|455099.0|1062.0|1|6|1|6947|157
129|5235517.0||10.0|2|6|1|6947|157
130|10259204.0||133.0|1|7|1|6925|157
131|57852057.0||10053.0|2|7|1|6925|157
132|262006.0|131444.0|2.0|2|7|1|6926|157
133|263533.0||4.0|1|7|1|6926|157
134|13480.0||25.0|2|7|1|6927|157
135|10912794.0||14.0|1|7|1|6928|157
136|62084350.0||27.0|2|7|1|6928|157
137|259434.0||8.0|1|7|1|6929|157
138|262547.0||930.0|2|7|1|6929|157
139|2148597.0|129385.0|2712.0|1|7|1|6931|157
140|1013243.0||1788.0|2|7|1|6931|157
141|6829783.0|287137.0|465.0|1|7|1|6933|157
142|4165932.0||130.0|2|7|1|6933|157
143|5331168.0||73.0|1|7|1|6934|157
144|8682258.0|244204.0|145.0|2|7|1|6934|157
145|82918237.0|4012604.0|3323.0|1|7|1|6935|157
146|63356934.0||859.0|2|7|1|6935|157
147|45891019.0||1072.0|1|7|1|6939|157
148|1286393542.0|111710253.0|11.0|2|7|1|6939|157
149|147311345.0||613.0|1|7|1|6940|157
150|23524940.0|2234287.0|7416.0|2|7|1|6940|157
151|77521935.0|2464221.0|2188.0|1|7|1|6941|157
152|65012345.0||2121.0|2|7|1|6941|157
153|17287975.0||11231.0|1|7|1|6945|157
154|13834489.0||8024.0|2|7|1|6945|157
155|63735519.0|5386519.0|38953.0|1|7|1|6946|157
156|39730067.0||16857.0|2|7|1|6946|157
157|3463.0|10184.0|53.0|1|7|1|6947|157
158|5532917.0||4709.0|2|7|1|6947|157
159|8038843.0||55.0|1|8|1|6925|157
160|40147513.0||24555.0|2|8|1|6925|157
161|10105.0|5103.0|2.0|1|8|1|6926|157
162|288223.0|128729.0|3.0|2|8|1|6926|157
163|5290945.0||18.0|1|8|1|6928|157
164|38039485.0||34.0|2|8|1|6928|157
165|23961.0||1.0|1|8|1|6929|157
166|2632.0||39.0|2|8|1|6929|157
167|4365221.0|226028.0|2153.0|1|8|1|6931|157
168|2533623.0|98280.0|1846.0|2|8|1|6931|157
169|9255554.0|435331.0|228.0|1|8|1|6933|157
170|4530860.0||34235.0|2|8|1|6933|157
171|1402141.0||90.0|1|8|1|6934|157
172|3225065.0||129.0|2|8|1|6934|157
173|117921938.0|6410226.0|5202.0|1|8|1|6935|157
174|99225442.0|4083801.0|1797.0|2|8|1|6935|157
175|78600511.0||3.0|1|8|1|6939|157
176|1267765421.0|100663729.0|25.0|2|8|1|6939|157
177|10630213.0||11274.0|1|8|1|6940|157
178|26027065.0||137.0|2|8|1|6940|157
179|93361046.0|3144764.0|723.0|1|8|1|6941|157
180|123428941.0||986.0|2|8|1|6941|157
181|17620495.0||11352.0|1|8|1|6945|157
182|16716756.0|445096.0|9358.0|2|8|1|6945|157
183|30891810.0|2500279.0|59939.0|1|8|1|6946|157
184|9959018.0||16074.0|2|8|1|6946|157
185|15763.0||199.0|1|8|1|6947|157
186|13192407.0||4.0|2|8|1|6947|157
187|1260694.0||13.0|1|11|1|6925|157
188|62936947.0||107.0|2|11|1|6925|157
189|762262450.0||30.0|1|11|1|6928|157
190|1399614688.0||21.0|2|11|1|6928|157
191|4756779.0|291533.0|6911.0|1|11|1|6931|157
192|2752859.0|86732.0|2667.0|2|11|1|6931|157
193|18213297.0||395.0|1|11|1|6933|157
194|12129600.0|473543.0|97.0|2|11|1|6933|157
195|3971073.0||119.0|1|11|1|6934|157
196|851928.0|25894.0|50.0|2|11|1|6934|157
197|109844233.0|5487568.0|5263.0|1|11|1|6935|157
198|116373936.0||843.0|2|11|1|6935|157
199|13395538.0||6.0|1|11|1|6936|157
200|11398650.0|1278858.0|6.0|2|11|1|6936|157
201|3157110.0|430274.0|2.0|1|11|1|6938|157
202|3316903.0|322935.0|8.0|2|11|1|6938|157
203|1598.0|199.0|40.0|1|11|1|6939|157
204|780635222.0||6.0|2|11|1|6939|157
205|74619842.0||147.0|1|11|1|6940|157
206|6269917.0||105.0|2|11|1|6940|157
207|359070748.0||702.0|1|11|1|6941|157
208|68321510.0|1831766.0|397.0|2|11|1|6941|157
209|21369097.0||12294.0|1|11|1|6945|157
210|10204351.0||10625.0|2|11|1|6945|157
211|14462931.0|1279815.0|57387.0|1|11|1|6946|157
212|13660511.0|1006672.0|19280.0|2|11|1|6946|157
213|695520.0|1961060.0|6.0|1|11|1|6947|157
214|6454.0||379.0|2|11|1|6947|157
215|12792284.0||14.0|1|12|1|6925|157
216|27868910.0||22.0|2|12|1|6925|157
217|127358983.0||6.0|1|12|1|6926|157
218|16371430.0||1.0|1|12|1|6927|157
219|2739427571.0||60.0|1|12|1|6928|157
220|42897450.0||159.0|2|12|1|6928|157
221|53440.0||2.0|1|12|1|6929|157
222|2184015.0||917.0|1|12|1|6931|157
223|1520052.0||556.0|2|12|1|6931|157
224|12591084.0||542.0|1|12|1|6933|157
225|12794629.0||449.0|2|12|1|6933|157
226|2637877.0||73.0|1|12|1|6934|157
227|9608736.0||253856.0|2|12|1|6934|157
228|106017562.0||5500.0|1|12|1|6935|157
229|84688353.0||1854.0|2|12|1|6935|157
230|33452495.0||263.0|1|12|1|6936|157
231|1517276.0||562.0|2|12|1|6936|157
232|3308286.0||8.0|1|12|1|6938|157
233|3930174.0||23.0|2|12|1|6938|157
234|147831299.0||36.0|1|12|1|6939|157
235|2678331084.0||45.0|2|12|1|6939|157
236|81974410.0||168.0|1|12|1|6940|157
237|328335044.0||2031.0|2|12|1|6940|157
238|27903071.0||570.0|1|12|1|6941|157
239|51401103.0||993.0|2|12|1|6941|157
240|21352014.0||12558.0|1|12|1|6945|157
241|7552799.0||3119.0|2|12|1|6945|157
242|78737601.0||78602.0|1|12|1|6946|157
243|27977416.0||23461.0|2|12|1|6946|157
244|877064.0||7.0|1|12|1|6947|157
245|2251448.0||28.0|2|12|1|6947|157
246|11436669.0||8.0|1|13|1|6925|157
247|38658959.0||11.0|2|13|1|6925|157
248|10054040.0||10.0|1|13|1|6926|157
249|936921.0|337666.0|7.0|2|13|1|6926|157
250|13962.0||6.0|2|13|1|6927|157
251|1598507044.0|976512955.0|52.0|1|13|1|6928|157
252|214084990.0|104795595.0|30.0|2|13|1|6928|157
253|3099111.0||6.0|1|13|1|6929|157
254|3019442.0|426207.0|6.0|2|13|1|6929|157
255|3560065.0|204641.0|1450.0|1|13|1|6931|157
256|1476156.0|53930.0|582.0|2|13|1|6931|157
257|31869096.0|1499097.0|414.0|1|13|1|6933|157
258|24415202.0|988028.0|376.0|2|13|1|6933|157
259|18258123.0|774338.0|53.0|1|13|1|6934|157
260|35242254.0|1129117.0|38.0|2|13|1|6934|157
261|86543659.0|4809096.0|3054.0|1|13|1|6935|157
262|76982077.0|3236906.0|1592.0|2|13|1|6935|157
263|2310429.0|239633.0|10.0|1|13|1|6936|157
264|128781005.0|10055750.0|36.0|2|13|1|6936|157
265|9505282.0||3.0|1|13|1|6938|157
266|271210.0|15869.0|1.0|2|13|1|6938|157
267|5078778536.0||31.0|2|13|1|6939|157
268|17610673.0||123.0|1|13|1|6940|157
269|13042724.0|1324221.0|219.0|2|13|1|6940|157
270|24104132.0||620.0|1|13|1|6941|157
271|33182951.0|1559586.0|5096.0|2|13|1|6941|157
272|6100754.0|203286.0|6262.0|2|13|1|6945|157
273|11292199.0|467991.0|14176.0|1|13|1|6945|157
274|26486548.0|2538294.0|45901.0|1|13|1|6946|157
275|27525381.0|2018293.0|73235.0|2|13|1|6946|157
276|1658.0|5610.0|73.0|1|13|1|6947|157
277|45398.0||40.0|2|13|1|6947|157
278|8547208.0||17.0|1|14|1|6925|157
279|49902016.0||68.0|2|14|1|6925|157
280|15145880.0||3.0|1|14|1|6926|157
281|135371.0|46396.0|7.0|2|14|1|6926|157
282|928307.0||3.0|2|14|1|6927|157
283|926677941.0||51.0|1|14|1|6928|157
284|145892332.0||22.0|2|14|1|6928|157
285|752075.0||4.0|1|14|1|6929|157
286|2357029.0|142234.0|4913.0|1|14|1|6931|157
287|1201317.0|41869.0|9121.0|2|14|1|6931|157
288|31778064.0||550.0|1|14|1|6933|157
289|44446315.0|1653889.0|233.0|2|14|1|6933|157
290|10747345.0|452288.0|236.0|1|14|1|6934|157
291|37442925.0|1135768.0|103.0|2|14|1|6934|157
292|63818430.0|3328545.0|2660.0|1|14|1|6935|157
293|52638777.0|1983907.0|2069.0|2|14|1|6935|157
294|2631211.0||4.0|1|14|1|6936|157
295|17878219.0|1948818.0|70.0|2|14|1|6936|157
296|22259.0||6.0|1|14|1|6939|157
297|1893675757.0||29.0|2|14|1|6939|157
298|67415609.0||273.0|1|14|1|6940|157
299|23684575.0||244.0|2|14|1|6940|157
300|33947080.0|1532763.0|1349.0|1|14|1|6941|157
301|26327537.0|1198949.0|2020.0|2|14|1|6941|157
302|12446532.0|442372.0|20156.0|1|14|1|6945|157
303|6439609.0|187362.0|10395.0|2|14|1|6945|157
304|12843958.0|1023284.0|47354.0|1|14|1|6946|157
305|11765917.0|746314.0|20065.0|2|14|1|6946|157
306|121981.0|706240.0|87.0|1|14|1|6947|157
307|71496.0||644.0|2|14|1|6947|157
308|49932440.0||34.0|1|15|1|6925|157
309|32306510.0|1997253.0|33.0|2|15|1|6925|157
310|9379383.0||14.0|1|15|1|6926|157
311|1219863.0||16.0|2|15|1|6926|157
312|718819475.0||48.0|1|15|1|6928|157
313|22522189.0||103.0|2|15|1|6928|157
314|2713151.0|153826.0|12164.0|1|15|1|6931|157
315|1864903.0|66153.0|14273.0|2|15|1|6931|157
316|38513816.0|1579644.0|480.0|1|15|1|6933|157
317|33160122.0||298.0|2|15|1|6933|157
318|7765453.0|302877.0|35.0|1|15|1|6934|157
319|31564007.0|848848.0|922.0|2|15|1|6934|157
320|58379789.0|3035891.0|1880.0|1|15|1|6935|157
321|35619828.0|1259910.0|1482.0|2|15|1|6935|157
322|4793869.0||4.0|2|15|1|6936|157
323|113648912.0||4.0|1|15|1|6939|157
324|1930682119.0||50.0|2|15|1|6939|157
325|110855570.0||210.0|1|15|1|6940|157
326|53666476.0||176.0|2|15|1|6940|157
327|46174658.0|1993571.0|956.0|1|15|1|6941|157
328|182110720.0|6298677.0|573.0|2|15|1|6941|157
329|16620665.0|542343.0|10093.0|1|15|1|6945|157
330|8984356.0|271928.0|5017.0|2|15|1|6945|157
331|15944545.0|1339001.0|42556.0|1|15|1|6946|157
332|21480552.0|1437743.0|22563.0|2|15|1|6946|157
333|33744.0||1.0|1|15|1|6947|157
334|170954.0|5441.0|328.0|2|15|1|6947|157
335|5436513.0|389915.0|29.0|1|16|1|6925|157
336|16626976.0|1441190.0|19.0|2|16|1|6925|157
337|41662940.0||9.0|1|16|1|6926|157
338|16028456.0|10714679.0|9.0|2|16|1|6926|157
339|2959165636.0||194.0|1|16|1|6928|157
340|56056853.0|29853538.0|105.0|2|16|1|6928|157
341|492202.0||3.0|1|16|1|6929|157
342|2803336.0|157524.0|6078.0|1|16|1|6931|157
343|1436378.0|58087.0|4528.0|2|16|1|6931|157
344|22561299.0|1030770.0|782.0|1|16|1|6933|157
345|35826701.0|1314741.0|698.0|2|16|1|6933|157
346|3889817.0|156732.0|10211.0|1|16|1|6934|157
347|73026730.0|1979488.0|511.0|2|16|1|6934|157
348|53797202.0|2851454.0|3324.0|1|16|1|6935|157
349|28215832.0|1142631.0|4008.0|2|16|1|6935|157
350|5901553.0||12.0|1|16|1|6936|157
351|32907207.0||11.0|2|16|1|6936|157
352|8022655.0|1227514.0|10.0|1|16|1|6939|157
353|1569704841.0|107038336.0|158.0|2|16|1|6939|157
354|61568112.0||2794.0|1|16|1|6940|157
355|5638710.0||376.0|2|16|1|6940|157
356|26535941.0|1056938.0|1772.0|1|16|1|6941|157
357|118654353.0|6571231.0|226567.0|2|16|1|6941|157
358|15962656.0|536745.0|18124.0|1|16|1|6945|157
359|6956246.0|221207.0|17185.0|2|16|1|6945|157
360|31666870.0|2770825.0|53252.0|1|16|1|6946|157
361|45355027.0|3130032.0|38050.0|2|16|1|6946|157
362|274721.0||45.0|1|16|1|6947|157
363|11003551.0||109.0|2|16|1|6947|157
364|1312486.0||1461.0|1|17|1|6925|157
365|48389408.0||29.0|2|17|1|6925|157
366|209762774.0||19.0|1|17|1|6926|157
367|19131717.0|12598536.0|38.0|2|17|1|6926|157
368|1797639227.0||54.0|1|17|1|6928|157
369|136092114.0|83481852.0|12.0|2|17|1|6928|157
370|809290.0||9.0|1|17|1|6929|157
371|1599172.0||1.0|2|17|1|6929|157
372|1563614.0|92268.0|1385.0|1|17|1|6931|157
373|1545956.0|75775.0|655.0|2|17|1|6931|157
374|53543320.0||554.0|1|17|1|6933|157
375|24942400.0|1051274.0|297.0|2|17|1|6933|157
376|4973164.0|229099.0|196.0|1|17|1|6934|157
377|74140169.0|2267451.0|105.0|2|17|1|6934|157
378|13318416.0||3629.0|1|17|1|6935|157
379|8224440.0|353179.0|1124.0|2|17|1|6935|157
380|2589138.0|449027.0|3.0|1|17|1|6936|157
381|2741465.0||6.0|2|17|1|6936|157
382|151852885.0|20410603.0|34.0|1|17|1|6939|157
383|735350456.0|71254409.0|16.0|2|17|1|6939|157
384|166146261.0||75.0|1|17|1|6940|157
385|5503055.0|936682.0|132.0|2|17|1|6940|157
386|16270012.0||1191.0|1|17|1|6941|157
387|11520847.0|512165.0|228.0|2|17|1|6941|157
388|10863287.0|377416.0|8393.0|1|17|1|6945|157
389|4093195.0|138640.0|6716.0|2|17|1|6945|157
390|45483427.0||53275.0|1|17|1|6946|157
391|41879199.0|3402575.0|12165.0|2|17|1|6946|157
392|6752.0||103.0|1|17|1|6947|157
393|2403241.0||7.0|2|17|1|6947|157
394|10131163.0||14.0|1|18|1|6925|157
395|4997364.0||22.0|2|18|1|6925|157
396|38520770.0||7.0|1|18|1|6926|157
397|115195254.0|85930416.0|1.0|2|18|1|6926|157
398|633086156.0|633994305.0|51.0|1|18|1|6928|157
399|258160195.0|319119919.0|37.0|2|18|1|6928|157
400|7747.0|2696.0|1.0|2|18|1|6929|157
401|2234386.0|149914.0|2419.0|1|18|1|6931|157
402|2688269.0|134667.0|1355.0|2|18|1|6931|157
403|33165726.0|1690882.0|198.0|1|18|1|6933|157
404|14983944.0|662584.0|233.0|2|18|1|6933|157
405|1330343.0|61366.0|23.0|1|18|1|6934|157
406|79875403.0|2889758.0|101.0|2|18|1|6934|157
407|7178707.0||3502.0|1|18|1|6935|157
408|9671441.0|477367.0|94890.0|2|18|1|6935|157
409|1430866.0|429203.0|4.0|1|18|1|6936|157
410|5676612.0|902019.0|13.0|2|18|1|6936|157
411|2774234.0|1282032.0|4.0|2|18|1|6938|157
412|22904717.0||10.0|1|18|1|6939|157
413|270241910.0||4.0|2|18|1|6939|157
414|2620808.0||106.0|1|18|1|6940|157
415|2960090.0||278.0|2|18|1|6940|157
416|18377511.0|1153553.0|1135.0|1|18|1|6941|157
417|71709224.0|4024851.0|636.0|2|18|1|6941|157
418|5903988.0|212645.0|10648.0|1|18|1|6945|157
419|2253262.0|83915.0|2979.0|2|18|1|6945|157
420|8096162.0|948557.0|16604.0|1|18|1|6946|157
421|7824827.0|632163.0|9552.0|2|18|1|6946|157
422|1745566.0|9690535.0|319.0|1|18|1|6947|157
423|435516.0||4410.0|2|18|1|6947|157
424|25637504.0|9736993.0|708.0|1|19|1|6925|157
425|41213246.0|18036431.0|7.0|2|19|1|6925|157
426|177353124.0|151843428.0|8.0|1|19|1|6926|157
427|35920464.0|35424521.0|2.0|2|19|1|6926|157
428|341542191.0|391004225.0|37.0|1|19|1|6928|157
429|143699674.0|207030218.0|1189.0|2|19|1|6928|157
430|1619855.0|142093.0|1315.0|1|19|1|6931|157
431|1356420.0|80884.0|1256.0|2|19|1|6931|157
432|9906663.0|789376.0|118.0|1|19|1|6933|157
433|8726772.0|463697.0|1306.0|2|19|1|6933|157
434|3597967.0|198017.0|26.0|1|19|1|6934|157
435|59191402.0|2531711.0|96.0|2|19|1|6934|157
436|7830015.0|693535.0|2983.0|1|19|1|6935|157
437|5567568.0|369692.0|1855.0|2|19|1|6935|157
438|1771050.0|635240.0|1.0|1|19|1|6936|157
439|6063616.0|1809495.0|14.0|2|19|1|6936|157
440|563910.0|205581.0|1.0|2|19|1|6938|157
441|657743667.0|79389700.0|5.0|2|19|1|6939|157
442|1403106.0|685110.0|28.0|1|19|1|6940|157
443|35109412.0|9251492.0|687.0|2|19|1|6940|157
444|12463127.0|890860.0|1406.0|1|19|1|6941|157
445|6514092.0|362095.0|617.0|2|19|1|6941|157
446|5604272.0|278820.0|6944.0|1|19|1|6945|157
447|2583588.0|110551.0|2131.0|2|19|1|6945|157
448|6217875.0|991212.0|72739.0|1|19|1|6946|157
449|3681475.0|375354.0|8902.0|2|19|1|6946|157
450|465916.0|4714793.0|13.0|1|19|1|6947|157
451|1082015.0|6204215.0|45.0|2|19|1|6947|157
452|315534.0|119838.0|2.0|1|20|1|6925|157
453|27415669.0|11998105.0|13.0|2|20|1|6925|157
454|95314253.0|81604669.0|4.0|1|20|1|6926|157
455|142266300.0|162869262.0|17.0|1|20|1|6928|157
456|87457150.0|126000792.0|12.0|2|20|1|6928|157
457|2014132.0|176678.0|846.0|1|20|1|6931|157
458|1284380.0|76588.0|536.0|2|20|1|6931|157
459|6995487.0|557409.0|150.0|1|20|1|6933|157
460|3564053.0|189376.0|130.0|2|20|1|6933|157
461|3648114.0|200777.0|67.0|1|20|1|6934|157
462|58834801.0|2516459.0|147.0|2|20|1|6934|157
463|6376955.0|564832.0|1812.0|1|20|1|6935|157
464|7502420.0|498169.0|1321.0|2|20|1|6935|157
465|604248.0|216732.0|2.0|1|20|1|6936|157
466|865497.0|258280.0|5.0|2|20|1|6936|157
467|307909.0|112253.0|2.0|2|20|1|6938|157
468|118369348.0|14287187.0|603617.0|2|20|1|6939|157
469|644558.0|314726.0|4.0|1|20|1|6940|157
470|261618.0|68937.0|25.0|2|20|1|6940|157
471|6287082.0|449398.0|139.0|1|20|1|6941|157
472|3560530.0|197917.0|273.0|2|20|1|6941|157
473|5138031.0|255623.0|4215.0|1|20|1|6945|157
474|2337018.0|100001.0|1780.0|2|20|1|6945|157
475|5314714.0|847236.0|6964.0|1|20|1|6946|157
476|4854259.0|494929.0|3440.0|2|20|1|6946|157
477|4264.0|43150.0|4.0|1|20|1|6947|157
478|28420.0|162958.0|4.0|2|20|1|6947|157
479|4743007.0|1801370.0|15.0|1|21|1|6925|157
480|25827544.0|11303083.0|2425.0|2|21|1|6925|157
481|165026883.0|141290139.0|7.0|1|21|1|6926|157
482|9698241.0|9564340.0|3.0|2|21|1|6926|157
483|31464293.0|56387621.0|3.0|1|21|1|6927|157
484|163475940.0|187150475.0|5334.0|1|21|1|6928|157
485|139827385.0|201451354.0|45384.0|2|21|1|6928|157
486|1622621.0|142335.0|964.0|1|21|1|6931|157
487|984329.0|58696.0|436.0|2|21|1|6931|157
488|1019328.0|81221.0|49.0|1|21|1|6933|157
489|2297236.0|122064.0|287.0|2|21|1|6933|157
490|720526.0|39655.0|84.0|1|21|1|6934|157
491|37130264.0|1588121.0|116.0|2|21|1|6934|157
492|11325515.0|1003146.0|2066.0|1|21|1|6935|157
493|10310346.0|684618.0|916.0|2|21|1|6935|157
494|16498915.0|5917832.0|6.0|1|21|1|6936|157
495|3475231.0|1037073.0|10.0|2|21|1|6936|157
496|29249594.0|6694803.0|1.0|1|21|1|6939|157
497|177752398.0|21454725.0|906438.0|2|21|1|6939|157
498|419830.0|204995.0|11.0|1|21|1|6940|157
499|327826.0|86384.0|73.0|2|21|1|6940|157
500|4887865.0|349383.0|915.0|1|21|1|6941|157
501|4835605.0|268794.0|127.0|2|21|1|6941|157
502|5832659.0|290182.0|4181.0|1|21|1|6945|157
503|2184499.0|93475.0|1659.0|2|21|1|6945|157
504|5076692.0|809292.0|4443.0|1|21|1|6946|157
505|4475514.0|456313.0|6145.0|2|21|1|6946|157
506|8544671.0|48994676.0|93.0|2|21|1|6947|157
507|11366218.0||12.0|1|9|1|6925|157
508|25163465.0|5811004.0|9.0|2|9|1|6925|157
509|57691354.0||2.0|1|9|1|6926|157
510|144545829.0||39.0|1|9|1|6928|157
511|189473334.0|241837770.0|94.0|2|9|1|6928|157
512|1914177.0|139271.0|869.0|1|9|1|6931|157
513|1159997.0|69067.0|225.0|2|9|1|6931|157
514|2413852.0|164684.0|41.0|1|9|1|6933|157
515|1249910.0|73501.0|200.0|2|9|1|6933|157
516|733439.0||35.0|1|9|1|6934|157
517|49907722.0|2214497.0|109.0|2|9|1|6934|157
518|6486531.0|485384.0|1393.0|1|9|1|6935|157
519|2506228.0|142231.0|381.0|2|9|1|6935|157
520|14063297.0|6226913.0|5.0|1|9|1|6936|157
521|1234600.0|449840.0|5.0|2|9|1|6936|157
522|155537.0||1.0|1|9|1|6938|157
523|1759066.0||1.0|2|9|1|6938|157
524|570581.0||9.0|1|9|1|6940|157
525|4232362.0||119.0|2|9|1|6940|157
526|6643269.0|460205.0|359.0|1|9|1|6941|157
527|987035.0|62914.0|972.0|2|9|1|6941|157
528|6387318.0|286005.0|5098.0|1|9|1|6945|157
529|1219741.0|54154.0|1981.0|2|9|1|6945|157
530|3166812.0||4524.0|1|9|1|6946|157
531|42029393.0|3782343.0|3023.0|2|9|1|6946|157
532|1881872.0||2.0|2|9|1|6947|157
533|8000987.0||9.0|1|22|1|6925|157
534|16099624.0|3839573.0|12.0|2|22|1|6925|157
535|73137096.0|58061069.0|5.0|1|22|1|6926|157
536|1214838.0|1995805.0|1.0|2|22|1|6926|157
537|93030112.0||17.0|1|22|1|6928|157
538|270401628.0|346752394.0|46.0|2|22|1|6928|157
539|1039766.0|78836.0|559.0|1|22|1|6931|157
540|126883.0|7900.0|106.0|2|22|1|6931|157
541|691561.0|52129.0|443.0|1|22|1|6933|157
542|479925.0|29478.0|170.0|2|22|1|6933|157
543|1712649.0|108554.0|53.0|1|22|1|6934|157
544|43450667.0|2014835.0|102.0|2|22|1|6934|157
545|5619284.0|442744.0|857.0|1|22|1|6935|157
546|3490660.0|226045.0|361.0|2|22|1|6935|157
547|950560.0||4.0|1|22|1|6936|157
548|100519.0||2.0|2|22|1|6936|157
549|112185.0|52195.0|1.0|1|22|1|6938|157
550|123427.0|26910.0|2.0|2|22|1|6938|157
551|293773727.0|27321001.0|1.0|2|22|1|6939|157
552|1199019.0||42.0|1|22|1|6940|157
553|48584.0|13536.0|1.0|2|22|1|6940|157
554|6254714.0|416228.0|469.0|1|22|1|6941|157
555|1987745.0||137.0|2|22|1|6941|157
556|5182882.0|249925.0|2818.0|1|22|1|6945|157
557|1707064.0|81705.0|1152.0|2|22|1|6945|157
558|2763371.0|352920.0|3631.0|1|22|1|6946|157
559|2184953.0|211059.0|1773.0|2|22|1|6946|157
560|7959982.0||2.0|2|22|1|6947|157
561|47377032.0||10.0|1|10|1|6925|157
562|10352850.0||5.0|2|10|1|6925|157
563|429632327.0||28.0|1|10|1|6926|157
564|218083502.0|292503057.0|10.0|2|10|1|6926|157
565|175412664.0||22.0|1|10|1|6928|157
566|228302947.0||24.0|2|10|1|6928|157
567|1101473.0|84993.0|911.0|1|10|1|6931|157
568|238307.0|14420.0|232.0|2|10|1|6931|157
569|403305.0|29015.0|98.0|1|10|1|6933|157
570|3375361.0|202418.0|96.0|2|10|1|6933|157
571|1224568.0|78583.0|19.0|1|10|1|6934|157
572|42024017.0|1946107.0|101.0|2|10|1|6934|157
573|5306809.0|434695.0|1380.0|1|10|1|6935|157
574|5723250.0|381625.0|420.0|2|10|1|6935|157
575|20550522.0|11216655.0|11.0|1|10|1|6936|157
576|2538753.0||4.0|2|10|1|6936|157
577|1319592.0|305101.0|4.0|1|10|1|6938|157
578|200717597.0|34438070.0|1.0|2|10|1|6939|157
579|1417983.0||41.0|1|10|1|6940|157
580|4555874.0|321194.0|121.0|1|10|1|6941|157
581|1293117.0|76302.0|595.0|2|10|1|6941|157
582|4067657.0|187667.0|3191.0|1|10|1|6945|157
583|1504732.0|62546.0|878.0|2|10|1|6945|157
584|1585722.0|213136.0|3275.0|1|10|1|6946|157
585|1786815.0|167115.0|2704.0|2|10|1|6946|157
586|737521.0|68169.0|1.0|2|10|1|6947|157
587|1850162.0|0.0|3.0|1|23|1|6925|157
588|12613840.0|0.0|9.0|2|23|1|6925|157
589|839322021.0|0.0|41.0|1|23|1|6926|157
590|71889521.0|0.0|14.0|2|23|1|6926|157
591|546584937.0|0.0|60.0|1|23|1|6928|157
592|148101099.0|0.0|55.0|2|23|1|6928|157
593|621805.0|0.0|697.0|1|23|1|6931|157
594|88134.0|0.0|136.0|2|23|1|6931|157
595|1908291.0|0.0|75.0|1|23|1|6933|157
596|13703075.0|0.0|67.0|2|23|1|6933|157
597|616831.0|0.0|12.0|1|23|1|6934|157
598|35185409.0|0.0|93.0|2|23|1|6934|157
599|11032742.0|0.0|2094.0|1|23|1|6935|157
600|3803192.0|0.0|333.0|2|23|1|6935|157
601|57296443.0|0.0|33.0|1|23|1|6936|157
602|9371924.0|0.0|15.0|2|23|1|6936|157
603|1064691.0|0.0|2.0|1|23|1|6938|157
604|899403.0|0.0|2.0|2|23|1|6938|157
605|180567638.0|0.0|1.0|2|23|1|6939|157
606|3464538.0|0.0|24.0|1|23|1|6940|157
607|104865.0|0.0|3.0|2|23|1|6940|157
608|4459467.0|0.0|204.0|1|23|1|6941|157
609|1491466.0|0.0|52.0|2|23|1|6941|157
610|3894742.0|0.0|2441.0|1|23|1|6945|157
611|1126587.0|0.0|794.0|2|23|1|6945|157
612|10894102.0|0.0|5200.0|1|23|1|6946|157
613|2111270.0|0.0|2070.0|2|23|1|6946|157
614|892064.0|0.0|1.0|2|23|1|6947|157
615|4456897.0|0.0|6.0|1|1|1|6925|157
616|3300748.0|0.0|4.0|2|1|1|6925|157
617|956708992.0|0.0|42.0|1|1|1|6926|157
618|182316848.0|0.0|22.0|2|1|1|6926|157
619|3967058.0|0.0|1.0|2|1|1|6927|157
620|756913088.0|0.0|97.0|1|1|1|6928|157
621|459482400.0|0.0|72.0|2|1|1|6928|157
622|320320.0|0.0|3.0|1|1|1|6929|157
623|722435.0|0.0|401.0|1|1|1|6931|157
624|189463.0|0.0|36.0|2|1|1|6931|157
625|2846658.0|0.0|117.0|1|1|1|6933|157
626|3777465.0|0.0|58.0|2|1|1|6933|157
627|577287.0|0.0|10.0|1|1|1|6934|157
628|28704046.0|0.0|99.0|2|1|1|6934|157
629|10131064.0|0.0|1165.0|1|1|1|6935|157
630|14773791.0|0.0|1811.0|2|1|1|6935|157
631|68913800.0|0.0|64.0|1|1|1|6936|157
632|21396386.0|0.0|18.0|2|1|1|6936|157
633|166763568.0|0.0|1.0|2|1|1|6939|157
634|2876963.0|0.0|47.0|1|1|1|6940|157
635|12833482.0|0.0|207.0|2|1|1|6940|157
636|7825799.0|0.0|663.0|1|1|1|6941|157
637|2187920.0|0.0|67.0|2|1|1|6941|157
638|5032258.0|0.0|2314.0|1|1|1|6945|157
639|1195740.0|0.0|692.0|2|1|1|6945|157
640|1854599.0|0.0|3475.0|1|1|1|6946|157
641|2655422.0|0.0|2529.0|2|1|1|6946|157
642|4665382.0|0.0|4.0|2|1|1|6947|157
643|20130405.0|0.0|22.0|1|2|1|6925|157
644|60921918.0|0.0|12.0|2|2|1|6925|157
645|481891203.0|0.0|57.0|1|2|1|6926|157
646|67419651.0|0.0|19.0|2|2|1|6926|157
647|5795350.0|0.0|1.0|1|2|1|6927|157
648|1587677619.0|0.0|203.0|1|2|1|6928|157
649|396837579.0|0.0|112.0|2|2|1|6928|157
650|1524823.0|0.0|1571.0|1|2|1|6931|157
651|304710.0|0.0|88.0|2|2|1|6931|157
652|2830859.0|0.0|491.0|1|2|1|6933|157
653|2344464.0|0.0|65.0|2|2|1|6933|157
654|6925943.0|0.0|29.0|1|2|1|6934|157
655|25474901.0|0.0|106.0|2|2|1|6934|157
656|22339523.0|0.0|4130.0|1|2|1|6935|157
657|24562653.0|0.0|1423.0|2|2|1|6935|157
658|68162909.0|0.0|80.0|1|2|1|6936|157
659|38956970.0|0.0|38.0|2|2|1|6936|157
660|3860924.0|0.0|4.0|1|2|1|6938|157
661|2044227.0|0.0|90.0|1|2|1|6940|157
662|761855.0|0.0|94.0|2|2|1|6940|157
663|5575267.0|0.0|151.0|1|2|1|6941|157
664|952936.0|0.0|416.0|2|2|1|6941|157
665|6872199.0|0.0|4570.0|1|2|1|6945|157
666|1067323.0|0.0|8713.0|2|2|1|6945|157
667|3170845.0|0.0|9863.0|1|2|1|6946|157
668|12129379.0|0.0|2109.0|2|2|1|6946|157
669|652911.0|0.0|1.0|2|2|1|6947|157
670|45877880.0|0.0|25.0|1|3|1|6925|157
671|65412904.0|0.0|25.0|2|3|1|6925|157
672|1098086245.0|0.0|56.0|1|3|1|6926|157
673|141537402.0|0.0|25.0|2|3|1|6926|157
674|1240113137.0|0.0|204.0|1|3|1|6928|157
675|342483024.0|0.0|155.0|2|3|1|6928|157
676|1302406.0|0.0|3836.0|1|3|1|6931|157
677|230404.0|0.0|130.0|2|3|1|6931|157
678|4730319.0|0.0|135.0|1|3|1|6933|157
679|1314569.0|0.0|40.0|2|3|1|6933|157
680|12973887.0|0.0|79.0|1|3|1|6934|157
681|29295729.0|0.0|123.0|2|3|1|6934|157
682|15411358.0|0.0|3328.0|1|3|1|6935|157
683|4700479.0|0.0|684.0|2|3|1|6935|157
684|130099712.0|0.0|85.0|1|3|1|6936|157
685|29833247.0|0.0|19.0|2|3|1|6936|157
686|781951.0|0.0|2.0|1|3|1|6938|157
687|1607867.0|0.0|3.0|2|3|1|6938|157
688|39657348.0|0.0|4.0|2|3|1|6939|157
689|4606099.0|0.0|89.0|1|3|1|6940|157
690|2185507.0|0.0|14.0|2|3|1|6940|157
691|3698522.0|0.0|173.0|1|3|1|6941|157
692|2445134.0|0.0|137.0|2|3|1|6941|157
693|8484676.0|0.0|2977.0|1|3|1|6945|157
694|2159453.0|0.0|720.0|2|3|1|6945|157
695|2944146.0|0.0|10418.0|1|3|1|6946|157
696|7441530.0|0.0|1913.0|2|3|1|6946|157
697|36617316.0|0.0|15.0|1|4|1|6925|157
698|31064444.0|0.0|26.0|2|4|1|6925|157
699|183952208.0|0.0|35.0|1|4|1|6926|157
700|100823288.0|0.0|19.0|2|4|1|6926|157
701|1301700608.0|0.0|214.0|1|4|1|6928|157
702|287118592.0|0.0|130.0|2|4|1|6928|157
703|771358.0|0.0|108.0|1|4|1|6931|157
704|100896.0|0.0|2.0|2|4|1|6931|157
705|1607875.0|0.0|158.0|1|4|1|6933|157
706|4448829.0|0.0|72.0|2|4|1|6933|157
707|10654987.0|0.0|69.0|1|4|1|6934|157
708|27593208.0|0.0|148.0|2|4|1|6934|157
709|19337432.0|0.0|1374.0|1|4|1|6935|157
710|12534597.0|0.0|746.0|2|4|1|6935|157
711|77545704.0|0.0|71.0|1|4|1|6936|157
712|30719262.0|0.0|24.0|2|4|1|6936|157
713|2081167.0|0.0|4.0|1|4|1|6938|157
714|141197.0|0.0|1.0|2|4|1|6938|157
715|131283968.0|0.0|5.0|2|4|1|6939|157
716|6717905.0|0.0|309.0|1|4|1|6940|157
717|8407058.0|0.0|78.0|2|4|1|6940|157
718|7383381.0|0.0|174.0|1|4|1|6941|157
719|2005791.0|0.0|51.0|2|4|1|6941|157
720|7140885.0|0.0|3207.0|1|4|1|6945|157
721|2417676.0|0.0|612.0|2|4|1|6945|157
722|3760980.0|0.0|9535.0|1|4|1|6946|157
723|12008593.0|0.0|3626.0|2|4|1|6946|157
724|291.0|0.0|0.0|2|4|3|6947|157
725|44970668.0|0.0|63.0|1|5|1|6925|157
726|42687564.0|0.0|89.0|2|5|1|6925|157
727|211875040.0|0.0|21.0|1|5|1|6926|157
728|161495440.0|0.0|8.0|2|5|1|6926|157
729|705307840.0|0.0|132.0|1|5|1|6928|157
730|610032064.0|0.0|109.0|2|5|1|6928|157
731|464157.0|0.0|1.0|2|5|1|6929|157
732|949732.0|0.0|1433.0|1|5|1|6931|157
733|297314.0|0.0|85.0|2|5|1|6931|157
734|1738376.0|0.0|96.0|1|5|1|6933|157
735|458100.0|0.0|65.0|2|5|1|6933|157
736|7295823.0|0.0|130.0|1|5|1|6934|157
737|17830228.0|0.0|144.0|2|5|1|6934|157
738|11453477.0|0.0|1479.0|1|5|1|6935|157
739|8242388.0|0.0|855.0|2|5|1|6935|157
740|72190792.0|0.0|73.0|1|5|1|6936|157
741|15125054.0|0.0|17.0|2|5|1|6936|157
742|7616592.0|0.0|4.0|1|5|1|6938|157
743|25361.0|0.0|1.0|2|5|1|6938|157
744|5846552.0|0.0|142.0|1|5|1|6940|157
745|1220618.0|0.0|19.0|2|5|1|6940|157
746|150470080.0|0.0|351.0|1|5|1|6941|157
747|2935795.0|0.0|155.0|2|5|1|6941|157
748|6247690.0|0.0|2603.0|1|5|1|6945|157
749|2233219.0|0.0|772.0|2|5|1|6945|157
750|2922979.0|0.0|7617.0|1|5|1|6946|157
751|4523075.0|0.0|3102.0|2|5|1|6946|157
752|997587.0|0.0|2.0|2|5|1|6947|157
753|25004736.0|0.0|36.0|1|24|1|6925|157
754|14793176.0|0.0|20.0|2|24|1|6925|157
755|266897136.0|0.0|26.0|1|24|1|6926|157
756|6847298.0|0.0|4.0|2|24|1|6926|157
757|911610112.0|0.0|171.0|1|24|1|6928|157
758|342042688.0|0.0|100.0|2|24|1|6928|157
759|273844.0|0.0|4.0|2|24|1|6929|157
760|889624.0|0.0|968.0|1|24|1|6931|157
761|308803.0|0.0|86.0|2|24|1|6931|157
762|2932444.0|0.0|109.0|1|24|1|6933|157
763|732134.0|0.0|62.0|2|24|1|6933|157
764|11602184.0|0.0|41.0|1|24|1|6934|157
765|21737578.0|0.0|102.0|2|24|1|6934|157
766|10493503.0|0.0|1339.0|1|24|1|6935|157
767|6863823.0|0.0|380.0|2|24|1|6935|157
768|41154280.0|0.0|69.0|1|24|1|6936|157
769|6369787.0|0.0|10.0|2|24|1|6936|157
770|7740252.0|0.0|9.0|1|24|1|6938|157
771|22620328.0|0.0|4.0|2|24|1|6938|157
772|308429824.0|0.0|4.0|2|24|1|6939|157
773|4674931.0|0.0|41.0|1|24|1|6940|157
774|7196130.0|0.0|25.0|2|24|1|6940|157
775|8518349.0|0.0|802.0|1|24|1|6941|157
776|2957979.0|0.0|182.0|2|24|1|6941|157
777|4162177.0|0.0|1953.0|1|24|1|6945|157
778|1124364.0|0.0|550.0|2|24|1|6945|157
779|3747174.0|0.0|13155.0|1|24|1|6946|157
780|3170189.0|0.0|1465.0|2|24|1|6946|157
781|6198993.0|0.0|41.0|1|25|1|6925|157
782|5693068.0|0.0|25.0|2|25|1|6925|157
783|524359104.0|0.0|46.0|1|25|1|6926|157
784|36452516.0|0.0|13.0|2|25|1|6926|157
785|639282816.0|0.0|144.0|1|25|1|6928|157
786|237940080.0|0.0|113.0|2|25|1|6928|157
787|7984.0|0.0|1.0|2|25|1|6929|157
788|1274550.0|0.0|1348.0|1|25|1|6931|157
789|228396.0|0.0|55.0|2|25|1|6931|157
790|5588228.0|0.0|238.0|1|25|1|6933|157
791|1344583.0|0.0|91.0|2|25|1|6933|157
792|3136399.0|0.0|54.0|1|25|1|6934|157
793|24661340.0|0.0|114.0|2|25|1|6934|157
794|11263921.0|0.0|1266.0|1|25|1|6935|157
795|1278027.0|0.0|279.0|2|25|1|6935|157
796|18477156.0|0.0|48.0|1|25|1|6936|157
797|23860960.0|0.0|25.0|2|25|1|6936|157
798|1688744.0|0.0|2.0|1|25|1|6938|157
799|28853284.0|0.0|1.0|2|25|1|6938|157
800|269065152.0|0.0|14.0|2|25|1|6939|157
801|3057766.0|0.0|31.0|1|25|1|6940|157
802|2725596.0|0.0|8.0|2|25|1|6940|157
803|7754066.0|0.0|4246.0|1|25|1|6941|157
804|4151709.0|0.0|113.0|2|25|1|6941|157
805|5576724.0|0.0|3382.0|1|25|1|6945|157
806|1155519.0|0.0|408.0|2|25|1|6945|157
807|8791477.0|0.0|11191.0|1|25|1|6946|157
808|2205123.0|0.0|2029.0|2|25|1|6946|157
809|2256509.0|0.0|2.0|2|25|1|6947|157
810|26726834.0|0.0|77.0|1|26|1|6925|157
811|17178196.0|0.0|20.0|2|26|1|6925|157
812|375796704.0|0.0|35.0|1|26|1|6926|157
813|65659852.0|0.0|5.0|2|26|1|6926|157
814|381437248.0|0.0|115.0|1|26|1|6928|157
815|190964384.0|0.0|81.0|2|26|1|6928|157
816|410354.0|0.0|6.0|1|26|1|6929|157
817|262528.0|0.0|2.0|2|26|1|6929|157
818|1206788.0|0.0|1745.0|1|26|1|6931|157
819|56456.0|0.0|31.0|2|26|1|6931|157
820|2899531.0|0.0|279.0|1|26|1|6933|157
821|792525.0|0.0|61.0|2|26|1|6933|157
822|3946002.0|0.0|95.0|1|26|1|6934|157
823|25700962.0|0.0|154.0|2|26|1|6934|157
824|13579531.0|0.0|519.0|1|26|1|6935|157
825|1599123.0|0.0|311.0|2|26|1|6935|157
826|20571580.0|0.0|44.0|1|26|1|6936|157
827|10874902.0|0.0|18.0|2|26|1|6936|157
828|2274753.0|0.0|8.0|1|26|1|6938|157
829|12187166.0|0.0|25.0|1|26|1|6940|157
830|1408377.0|0.0|16.0|2|26|1|6940|157
831|6412944.0|0.0|10042.0|1|26|1|6941|157
832|2857666.0|0.0|284.0|2|26|1|6941|157
833|8277730.0|0.0|3292.0|1|26|1|6945|157
834|1116399.0|0.0|523.0|2|26|1|6945|157
835|6459844.0|0.0|11272.0|1|26|1|6946|157
836|3320398.0|0.0|2164.0|2|26|1|6946|157
837|1116758.0|0.0|2.0|2|26|1|6947|157
838|3198871.0|0.0|44.0|1|27|1|6925|157
839|22436456.0|0.0|17.0|2|27|1|6925|157
840|149662656.0|0.0|37.0|1|27|1|6926|157
841|130442888.0|0.0|11.0|2|27|1|6926|157
842|3489.0|0.0|1.0|2|27|1|6927|157
843|691052096.0|0.0|136.0|1|27|1|6928|157
844|143793424.0|0.0|60.0|2|27|1|6928|157
845|100724.0|0.0|12.0|1|27|1|6929|157
846|591035.0|0.0|1908.0|1|27|1|6931|157
847|133717.0|0.0|80.0|2|27|1|6931|157
848|5007568.0|0.0|304.0|1|27|1|6933|157
849|243833.0|0.0|52.0|2|27|1|6933|157
850|11645047.0|0.0|50.0|1|27|1|6934|157
851|30416796.0|0.0|174.0|2|27|1|6934|157
852|7847790.0|0.0|1749.0|1|27|1|6935|157
853|1319401.0|0.0|330.0|2|27|1|6935|157
854|17688872.0|0.0|38.0|1|27|1|6936|157
855|24912790.0|0.0|90.0|2|27|1|6936|157
856|6007193.0|0.0|3.0|1|27|1|6938|157
857|17802860.0|0.0|4.0|2|27|1|6938|157
858|12830689.0|0.0|94.0|1|27|1|6940|157
859|3125887.0|0.0|38.0|2|27|1|6940|157
860|5699574.0|0.0|206.0|1|27|1|6941|157
861|1127205.0|0.0|276.0|2|27|1|6941|157
862|4607482.0|0.0|2243.0|1|27|1|6945|157
863|800179.0|0.0|418.0|2|27|1|6945|157
864|3909402.0|0.0|14183.0|1|27|1|6946|157
865|931124.0|0.0|4148.0|2|27|1|6946|157
866|548.0|0.0|2.0|1|27|1|6947|157
867|2953243.0|0.0|15.0|2|27|1|6947|157
868|656465.0|0.0|10.0|1|28|1|6925|157
869|11380611.0|0.0|12.0|2|28|1|6925|157
870|266952224.0|0.0|25.0|1|28|1|6926|157
871|81792072.0|0.0|10.0|2|28|1|6926|157
872|1729653.0|0.0|1.0|1|28|1|6927|157
873|387105664.0|0.0|77.0|1|28|1|6928|157
874|280355648.0|0.0|90.0|2|28|1|6928|157
875|75745.0|0.0|235.0|2|28|1|6929|157
876|486676.0|0.0|869.0|1|28|1|6931|157
877|133305.0|0.0|48.0|2|28|1|6931|157
878|1119304.0|0.0|189.0|1|28|1|6933|157
879|248912.0|0.0|91.0|2|28|1|6933|157
880|3680814.0|0.0|130.0|1|28|1|6934|157
881|27262040.0|0.0|203.0|2|28|1|6934|157
882|4608816.0|0.0|1118.0|1|28|1|6935|157
883|2044645.0|0.0|6150.0|2|28|1|6935|157
884|2561191.0|0.0|13.0|1|28|1|6936|157
885|2471872.0|0.0|7.0|2|28|1|6936|157
886|14740476.0|0.0|2.0|1|28|1|6938|157
887|396898.0|0.0|5.0|2|28|1|6938|157
888|39869.0|0.0|2.0|1|28|1|6939|157
889|65145664.0|0.0|2.0|2|28|1|6939|157
890|23838524.0|0.0|41.0|1|28|1|6940|157
891|133734.0|0.0|157.0|2|28|1|6940|157
892|2067931.0|0.0|164.0|1|28|1|6941|157
893|229411.0|0.0|88.0|2|28|1|6941|157
894|3458239.0|0.0|1331.0|1|28|1|6945|157
895|945038.0|0.0|345.0|2|28|1|6945|157
896|2404957.0|0.0|9446.0|1|28|1|6946|157
897|4233381.0|0.0|4811.0|2|28|1|6946|157
898|25904.0|0.0|2.0|2|28|1|6947|157
899|350952.0|24351.0||1|6|3|6925|158
900|777646.0|38896.0||2|6|3|6925|158
901|356313.0|377510.0||1|6|3|6928|158
902|412233.0|178191.0||2|6|3|6928|158
903|327339.0|82359.0||1|6|3|6929|158
904|245208.0|15182.0||2|6|3|6931|158
905|1440829.0|121235.0||1|6|3|6931|158
906|19148.0|2306.0||1|6|3|6933|158
907|21031.0|1250.0||2|6|3|6933|158
908|1820563.0|50642.0||1|6|3|6934|158
909|1064451.0|29081.0||2|6|3|6934|158
910|191928.0|17914.0||1|6|3|6935|158
911|1821465.0|42758.0||2|6|3|6935|158
912|11653.0|107.0||4|6|3|6935|158
913|188266.0|80001.0||1|6|3|6936|158
914|276726.0|1128000.0|0.0|2|6|1|6936|158
915|413558.0|21750.0||1|6|3|6941|158
916|131083.0|14862.0||1|6|3|6946|158
917|9795.0|503.0||2|6|3|6946|158
918|418859.0|18103.0||1|7|3|6925|158
919|481290.0|34743.0||2|7|3|6925|158
920|1190484.0|428479.0||1|7|3|6928|158
921|1163199.0|515773.0||2|7|3|6928|158
922|172144.0|43788.0||1|7|3|6929|158
923|530743.0|78757.0||1|7|3|6931|158
924|115812.0|11087.0||2|7|3|6931|158
925|212183.0|10432.0||1|7|3|6933|158
926|1663090.0|65074.0||1|7|3|6934|158
927|2213894.0|64766.0||2|7|3|6934|158
928|128832.0|16301.0||1|7|3|6935|158
929|3100574.0|107715.0||2|7|3|6935|158
930|27585.0|323.0||4|7|3|6935|158
931|88695.0|450000.0||1|7|3|6936|158
932|901779.0|2020000.0||2|7|3|6936|158
933|919391.0|143104.0||1|7|3|6938|158
934|289710.0|15576.0||1|7|3|6941|158
935|622240.0|15076.0||1|7|3|6946|158
936|106.0|4.0||2|7|3|6946|158
937|98.0|||2|7|3|6947|158
938|170869.0|7800.0|2.0|1|8|1|6925|158
939|790448.0|19000.0|2.0|2|8|1|6925|158
940|65737.0|1.0||1|8|3|6928|158
941|5440724.0|2996001.0||2|8|3|6928|158
942|62721.0|610.0|66.0|1|8|1|6929|158
943|651749.0|97662.0|14210.0|1|8|1|6931|158
944|105135.0|10251.0|1387.0|2|8|1|6931|158
945|5136184.0|502757.0|216.0|1|8|1|6934|158
946|1809347.0|87670.0|118.0|2|8|1|6934|158
947|319468.0|17787.0|294.0|1|8|1|6935|158
948|3342789.0|86687.0|2500.0|2|8|1|6935|158
949|24905.0|205.0|17.0|4|8|1|6935|158
950|1262060.0|2000000.0||2|8|3|6936|158
951|474322.0|176001.0|1.0|1|8|1|6936|158
952|544.0|74.0|25.0|1|8|1|6938|158
953|478.0|5.0|13.0|2|8|1|6938|158
954|191914.0|16201.0|3.0|1|8|1|6940|158
955|4377814.0|607788.0|1.0|2|8|1|6940|158
956|3904.0|210.0|9.0|1|8|1|6941|158
957|5852707.0|43000.0|53.0|2|8|1|6941|158
958|2499.0|22.0|53.0|1|8|1|6945|158
959|47826.0|3401.0|22096.0|1|8|1|6946|158
960|683425.0|308452.0|414.0|2|8|1|6946|158
961|2277.0|30.0||2|8|3|6947|158
962|21447181.0|2299802.0|5.0|1|11|1|6925|158
963|10826041.0|1350000.0|1.0|2|11|1|6925|158
964|43.0|1.0||2|11|3|6927|158
965|4197436.0|1500000.0||2|11|3|6928|158
966|102317.0|1101320.0||1|11|3|6928|158
967|171877.0|3969.0|211.0|1|11|1|6929|158
968|701961.0|88768.0|12884.0|1|11|1|6931|158
969|137699.0|9848.0|8026.0|2|11|1|6931|158
970|83876.0|4332.0|62.0|1|11|1|6933|158
971|3660866.0|144962.0|48.0|1|11|1|6934|158
972|3466239.0|73138.0|32.0|2|11|1|6934|158
973|29115.0|210.0|18.0|4|11|1|6935|158
974|621015.0|19163.0|138.0|1|11|1|6935|158
975|3659594.0|81697.0|1650.0|2|11|1|6935|158
976|73084.0|250000.0||1|11|3|6936|158
977|203365.0|504200.0||2|11|3|6936|158
978|3386.0|257.0|185.0|1|11|1|6938|158
979|34283.0|1800.0|1.0|1|11|1|6940|158
980|688.0|||1|11|3|6941|158
981|42699.0|657.0|1.0|1|11|1|6945|158
982|156309.0|40976.0|26094.0|1|11|1|6946|158
983|93925.0|66113.0|47.0|2|11|1|6946|158
984|3219012.0|108559.0|180.0|1|12|1|6925|158
985|7282.0|550.0|1.0|2|12|1|6925|158
986|24452.0|||1|12|3|6926|158
987|13785819.0|2790000.0|7600.0|2|12|1|6928|158
988|140357.0|17161.0|8.0|1|12|1|6929|158
989|1066811.0|86645.0|14373.0|1|12|1|6931|158
990|359655.0|11331.0|5346.0|2|12|1|6931|158
991|209250.0|3691.0|2.0|1|12|1|6933|158
992|17867.0|853.0|1.0|2|12|1|6933|158
993|1817646.0|30300.0|65.0|1|12|1|6934|158
994|1383033.0|49534.0|71.0|2|12|1|6934|158
995|1151443.0|28446.0|79.0|1|12|1|6935|158
996|2556491.0|49665.0|781.0|2|12|1|6935|158
997|4113.0|||1|12|3|6936|158
998|4885.0|8000.0|1.0|2|12|1|6936|158
999|1363.0|128.0|121.0|1|12|1|6938|158
1000|5760.0|28.0|25.0|1|12|1|6940|158
1001|13891.0|293.0|189.0|1|12|1|6941|158
1002|10763.0|85.0|5.0|1|12|1|6945|158
1003|101613.0|2943.0|22808.0|1|12|1|6946|158
1004|84107.0|411.0|42.0|2|12|1|6946|158
1005|7820030.0|489963.0||2|13|3|6925|158
1006|2380183.0|96971.0|13.0|1|13|1|6925|158
1007|1211096.0|40100.0||1|13|3|6926|158
1008|863964.0|127905.0||1|13|3|6928|158
1009|16671132.0|2790000.0|7600.0|2|13|1|6928|158
1010|24623.0|5423.0||1|13|3|6929|158
1011|592731.0|54529.0|11545.0|1|13|1|6931|158
1012|130764.0|20853.0|10850.0|2|13|1|6931|158
1013|85414.0|2190.0|3.0|1|13|1|6933|158
1014|2138142.0|66931.0|118.0|1|13|1|6934|158
1015|1302654.0|27298.0|143.0|2|13|1|6934|158
1016|377934.0|16070.0|14.0|1|13|1|6935|158
1017|1925997.0|23729.0|1106.0|2|13|1|6935|158
1018|288249.0|29897.0||1|13|3|6936|158
1019|258834.0|600000.0|0.0|2|13|1|6936|158
1020|18.0|1.0||1|13|3|6938|158
1021|76337.0|4104.0|195.0|1|13|1|6941|158
1022|696.0|37.0|1.0|2|13|1|6941|158
1023|26414.0|974.0|20.0|1|13|1|6945|158
1024|75116.0|1766.0|422.0|1|13|1|6946|158
1025|64441.0|710.0|50.0|2|13|1|6946|158
1026|1984374.0|185148.0||2|14|3|6925|158
1027|174.0|55.0||1|14|3|6927|158
1028|180.0|55.0||2|14|3|6927|158
1029|74017546.0|11576000.0||2|14|3|6928|158
1030|1157.0|24.0||1|14|3|6929|158
1031|737970.0|59266.0||1|14|3|6931|158
1032|99342.0|13352.0||2|14|3|6931|158
1033|185380.0|9897.0||1|14|3|6933|158
1034|256883.0|15996.0||2|14|3|6933|158
1035|2247041.0|60772.0||1|14|3|6934|158
1036|173164.0|3855.0||2|14|3|6934|158
1037|38898.0|4987.0||1|14|3|6935|158
1038|2163972.0|58753.0||2|14|3|6935|158
1039|719250.0|||1|14|3|6936|158
1040|371247.0|700000.0||2|14|3|6936|158
1041|84098.0|15100.0||1|14|3|6938|158
1042|70070.0|2699.0||1|14|3|6941|158
1043|41912.0|1488.0|13.0|1|14|1|6945|158
1044|35665.0|1491.0||1|14|3|6946|158
1045|891.0|60.0||2|14|3|6946|158
1046|11263.0|||1|15|3|6925|158
1047|995.0|||1|15|3|6928|158
1048|63941165.0|10207110.0||2|15|3|6928|158
1049|1164710.0|82913.0|9753.0|1|15|1|6931|158
1050|58547.0|31654.0|2252.0|2|15|1|6931|158
1051|95424.0|3913.0||1|15|3|6933|158
1052|204389.0|19069.0|147.0|2|15|1|6933|158
1053|3205304.0|196365.0|119.0|1|15|1|6934|158
1054|114689.0|4745.0|2.0|2|15|1|6934|158
1055|255016.0|23694.0|120.0|1|15|1|6935|158
1056|1142647.0|10257.0|597.0|2|15|1|6935|158
1057|1075570.0|680000.0||2|15|3|6936|158
1058|1063.0|4.0|2.0|1|15|1|6940|158
1059|103641.0|4650.0|29.0|1|15|1|6941|158
1060|210.0|77.0|2.0|2|15|1|6941|158
1061|73669.0|2451.0|23.0|1|15|1|6945|158
1062|141201.0|12018.0||1|15|3|6946|158
1063|18472.0|1236.0||2|15|3|6946|158
1064|577.0|12.0|0.0|1|15|1|6947|158
1065|177582.0|297033.0|2.0|1|16|1|6925|158
1066|1305314.0|101692.0|41849.0|1|16|1|6931|158
1067|141905.0|13143.0|730.0|2|16|1|6931|158
1068|384529.0|18644.0||1|16|3|6933|158
1069|2040260.0|114264.0|110.0|1|16|1|6934|158
1070|399613.0|13197.0|9.0|2|16|1|6934|158
1071|932938.0|104562.0|2855.0|1|16|1|6935|158
1072|2312475.0|1990739.0||2|16|3|6936|158
1073|267826.0|5857.0||1|16|3|6941|158
1074|221238.0|3795.0|70.0|1|16|1|6945|158
1075|46048.0|12183.0||1|16|3|6946|158
1076|414029.0|30495.0|3.0|1|17|1|6925|158
1077|652166.0|2120397.0||1|17|3|6928|158
1078|96308482.0|19235360.0||2|17|3|6928|158
1079|116605.0|5723.0||2|17|3|6931|158
1080|851187.0|87797.0|14737.0|1|17|1|6931|158
1081|111094.0|21582.0|1.0|1|17|1|6933|158
1082|2202004.0|154969.0|937.0|1|17|1|6934|158
1083|73154.0|12675.0|66.0|1|17|1|6935|158
1084|1386782.0|16860.0|798.0|2|17|1|6935|158
1085|336206.0|58307.0||1|17|3|6936|158
1086|128003.0|5088.0||1|17|3|6941|158
1087|501862.0|21657.0||1|17|3|6946|158
1088|842222.0|79064.0|17054.0|1|18|1|6931|158
1089|127921.0|1689.0|77.0|2|18|1|6931|158
1090|3518.0|2050.0|15.0|1|18|1|6933|158
1091|1288363.0|52278.0|31.0|1|18|1|6934|158
1092|1100883.0|27693.0||2|18|3|6935|158
1093|87039.0|13379.0|290.0|1|18|1|6935|158
1094|80918.0|4236.0||1|18|3|6946|158
1095|383477.0|13900.0|14.0|1|19|1|6925|158
1096|2732558.0|1867851.0||1|19|3|6928|158
1097|72054614.0|21344835.0||2|19|3|6928|158
1098|468427.0|79428.0|15106.0|1|19|1|6931|158
1099|530531.0|5290.0|294.0|2|19|1|6931|158
1100|2075174.0|133518.0|85.0|1|19|1|6934|158
1101|214867.0|15610.0|64.0|1|19|1|6935|158
1102|974768.0|35974.0|1034.0|2|19|1|6935|158
1103|5082312.0|4452000.0||2|19|3|6936|158
1104|623190.0|897000.0|3.0|2|19|1|6938|158
1105|27033.0|2883.0||1|19|3|6946|158
1106|134272.0|4700.0||2|19|3|6946|158
1107|2822965.0|3278388.0|12.0|1|20|1|6925|158
1108|3165701.0|3579135.0|10.0|2|20|1|6925|158
1109|4297616.0|3612500.0||1|20|3|6926|158
1110|7498013.0|4772650.0||2|20|3|6926|158
1111|28769888.0|11760000.0||1|20|3|6928|158
1112|69768650.0|21061221.0||2|20|3|6928|158
1113|442166.0|89066.0|23677.0|1|20|1|6931|158
1114|31245.0|615.0|28.0|2|20|1|6931|158
1115|52182.0|1382.0|28.0|2|20|1|6933|158
1116|2719256.0|124374.0|97.0|1|20|1|6934|158
1117|125834.0|7335.0|617.0|1|20|1|6935|158
1118|900632.0|39375.0|1187.0|2|20|1|6935|158
1119|17601653.0|19793910.0||2|20|3|6936|158
1120|21862297.0|14289998.0|46.0|1|20|1|6936|158
1121|11260.0|||1|20|3|6938|158
1122|44355.0|500000.0|1.0|2|20|1|6938|158
1123|216902.0|650000.0|1.0|2|20|1|6940|158
1124|266142.0|16706.0|38.0|1|20|1|6941|158
1125|12719.0|460.0|7.0|1|20|1|6945|158
1126|641216.0|579444.0||1|20|3|6946|158
1127|7794.0|42480.0||2|20|3|6946|158
1128|18588.0|3238.0||1|20|3|6947|158
1129|6076.0|||2|20|3|6947|158
1130|351114.0|489500.0|4.0|1|21|1|6925|158
1131|297368.0|437535.0|4.0|2|21|1|6925|158
1132|6106406.0|3680000.0|9.0|1|21|1|6926|158
1133|6207740.0|3680500.0|9.0|2|21|1|6926|158
1134|21142739.0|20587950.0|53.0|1|21|1|6928|158
1135|32736494.0|24027078.0|52.0|2|21|1|6928|158
1136|23.0|4.0|6.0|1|21|1|6929|158
1137|470320.0|72060.0|17606.0|1|21|1|6931|158
1138|36936.0|6312.0|642.0|2|21|1|6931|158
1139|20258.0|5146.0|7.0|1|21|1|6933|158
1140|209633.0|18980.0|12.0|2|21|1|6933|158
1141|219764.0|27050.0|35.0|1|21|1|6934|158
1142|131721.0|80750.0|3.0|2|21|1|6934|158
1143|11209.0|800.0|1.0|4|21|1|6934|158
1144|247402.0|12772.0|123.0|1|21|1|6935|158
1145|860578.0|66682.0|3159.0|2|21|1|6935|158
1146|1975.0|210.0|3.0|4|21|1|6935|158
1147|9609823.0|12661000.0|42.0|1|21|1|6936|158
1148|8215838.0|13597500.0|42.0|2|21|1|6936|158
1149|40634.0|712000.0|6.0|1|21|1|6938|158
1150|10780.0|150000.0|3.0|2|21|1|6938|158
1151|47161.0|3410.0|37.0|1|21|1|6941|158
1152|1642907.0|527000.0|3.0|2|21|1|6941|158
1153|1071.0|25.0|1.0|1|21|1|6945|158
1154|447911.0|567464.0|135.0|1|21|1|6946|158
1155|1629.0|3900.0|8.0|2|21|1|6946|158
1156|466912.0|1875560.0|8.0|1|9|1|6925|158
1157|1623379.0|2779444.0|22.0|2|9|1|6925|158
1158|4608425.0|3599000.0|9.0|1|9|1|6926|158
1159|4660263.0|3601496.0|9.0|2|9|1|6926|158
1160|4215845.0|23048640.0|46.0|1|9|1|6928|158
1161|15748272.0|24921070.0|46.0|2|9|1|6928|158
1162|304213.0|53467.0|12970.0|1|9|1|6931|158
1163|28996.0|1936.0|1037.0|2|9|1|6931|158
1164|34361.0|6914.0|15.0|1|9|1|6933|158
1165|26475.0|1096.0|20.0|2|9|1|6933|158
1166|145642.0|19958.0|1266.0|1|9|1|6934|158
1167|2994.0|1100.0|1.0|2|9|1|6934|158
1168|159028.0|13876.0|186.0|1|9|1|6935|158
1169|3385487.0|173678.0|3856.0|2|9|1|6935|158
1170|5633957.0|12605786.0|43.0|1|9|1|6936|158
1171|6443174.0|12926586.0|44.0|2|9|1|6936|158
1172|49875.0|300000.0|1.0|4|9|1|6936|158
1173|188226.0|185000.0|1.0|1|9|1|6938|158
1174|230203.0|896510.0|33.0|2|9|1|6938|158
1175|188226.0|185000.0|1.0|4|9|1|6938|158
1176|2574.0|395.0|56.0|1|9|1|6940|158
1177|43483.0|42140.0|541.0|2|9|1|6940|158
1178|39321.0|2259.0|206.0|1|9|1|6941|158
1179|5180.0|215.0|11.0|1|9|1|6945|158
1180|3671.0|9.0|2.0|2|9|1|6945|158
1181|16460.0|21090.0|113.0|1|9|1|6946|158
1182|9709.0|22357.0|147.0|2|9|1|6946|158
1183|2565474.0|4426083.0|16.0|1|22|1|6925|158
1184|2545064.0|3357245.0|9.0|2|22|1|6925|158
1185|4790835.0|3459500.0|8.0|1|22|1|6926|158
1186|5455970.0|3859500.0|9.0|2|22|1|6926|158
1187|9604674.0|11384656.0|28.0|1|22|1|6928|158
1188|26529766.0|20855912.0|49.0|2|22|1|6928|158
1189|192850.0|22905.0|4039.0|1|22|1|6931|158
1190|7862.0|3190.0|7.0|2|22|1|6931|158
1191|62661.0|4825.0|320.0|1|22|1|6933|158
1192|16761.0|2570.0|17.0|2|22|1|6933|158
1193|258756.0|103208.0|39.0|1|22|1|6934|158
1194|91292.0|4233.0|7.0|2|22|1|6934|158
1195|142103.0|9137.0|895.0|1|22|1|6935|158
1196|2920078.0|202005.0|901.0|2|22|1|6935|158
1197|7207702.0|15099000.0|51.0|1|22|1|6936|158
1198|6920282.0|14529000.0|50.0|2|22|1|6936|158
1199|140166.0|580000.0|1.0|1|22|1|6938|158
1200|8274.0|93500.0|1.0|2|22|1|6939|158
1201|625.0|120.0|22.0|1|22|1|6940|158
1202|57906.0|4493.0|7.0|1|22|1|6941|158
1203|38264.0|11413.0|110.0|1|22|1|6946|158
1204|16663.0|11500.0|47.0|2|22|1|6946|158
1205|4681.0|252.0|13.0|1|22|1|6947|158
1206|33369949.0|12505150.0|15.0|1|10|1|6925|158
1207|33300656.0|11859353.0|14.0|2|10|1|6925|158
1208|3771057.0|2460000.0|6.0|1|10|1|6926|158
1209|3792421.0|2460000.0|6.0|2|10|1|6926|158
1210|2413795.0|9015100.0|25.0|1|10|1|6928|158
1211|17453251.0|14859789.0|30.0|2|10|1|6928|158
1212|188823.0|28029.0|3265.0|1|10|1|6931|158
1213|1629.0|268.0|9.0|2|10|1|6931|158
1214|18369.0|4470.0|5.0|1|10|1|6933|158
1215|6385.0|486.0|12.0|2|10|1|6933|158
1216|180262.0|17053.0|67.0|1|10|1|6934|158
1217|34229.0|2450.0|1.0|2|10|1|6934|158
1218|55897.0|7523.0|36.0|1|10|1|6935|158
1219|139572.0|17053.0|565.0|2|10|1|6935|158
1220|5425803.0|10195304.0|34.0|1|10|1|6936|158
1221|5974953.0|9492024.0|35.0|2|10|1|6936|158
1222|65022.0|1678500.0|2.0|2|10|1|6938|158
1223|4278.0|1910.0|276.0|1|10|1|6940|158
1224|97786.0|544461.0|531.0|2|10|1|6940|158
1225|135542.0|313093.0|39.0|1|10|1|6941|158
1226|13189.0|300000.0|2.0|2|10|1|6941|158
1227|13629.0|608.0|6.0|1|10|1|6945|158
1228|12521.0|580.0|4.0|2|10|1|6945|158
1229|43133.0|16405.0|141.0|1|10|1|6946|158
1230|5261.0|22192.0|23.0|2|10|1|6946|158
1231|7174.0|847.0|847.0|1|23|2|6925|158
1232|6653467.0|4424500.0|4424500.0|1|23|2|6926|158
1233|6682854.0|4369125.0|4369125.0|2|23|2|6926|158
1234|3975306.0|13250000.0|13250000.0|1|23|2|6928|158
1235|35130130.0|22862546.0|22862546.0|2|23|2|6928|158
1236|175465.0|26729.0|26729.0|1|23|2|6931|158
1237|5480.0|268.0|268.0|2|23|2|6931|158
1238|37953.0|6721.0|6721.0|1|23|2|6933|158
1239|42881.0|6800.0|6800.0|2|23|2|6933|158
1240|110729.0|67854.0|67854.0|1|23|2|6934|158
1241|642.0|4500.0|4500.0|2|23|2|6934|158
1242|115619.0|6763.0|6763.0|1|23|2|6935|158
1243|292804.0|27814.0|27814.0|2|23|2|6935|158
1244|7937723.0|3515000.0|3515000.0|1|23|2|6936|158
1245|7721238.0|3059000.0|3059000.0|2|23|2|6936|158
1246|68053.0|20261.0|20261.0|1|23|2|6940|158
1247|1947815.0|240852.0|240852.0|1|23|2|6941|158
1248|1568426.0|1516000.0|1516000.0|2|23|2|6941|158
1249|1922.0|296.0|296.0|1|23|2|6945|158
1250|42104.0|48557.0|48557.0|1|23|2|6946|158
1251|163658.0|264342.0|264342.0|2|23|2|6946|158
1252|4566.0|7500.0|7500.0|1|23|2|6947|158
1253|10442.0|25000.0|25000.0|2|23|2|6947|158
1254|4052.0|47000.0|47000.0|1|1|2|6925|158
1255|830820.0|836000.0|836000.0|1|1|2|6926|158
1256|2050669.0|1572000.0|1572000.0|2|1|2|6926|158
1257|37754092.0|20599000.0|20599000.0|1|1|2|6928|158
1258|112710720.0|34918260.0|34918260.0|2|1|2|6928|158
1259|173538.0|20810.0|20810.0|1|1|2|6931|158
1260|7241.0|284.0|284.0|2|1|2|6931|158
1261|20070.0|5081.0|5081.0|1|1|2|6933|158
1262|25098.0|3312.0|3312.0|2|1|2|6933|158
1263|404882.0|85796.0|85796.0|1|1|2|6934|158
1264|3525.0|1500.0|1500.0|2|1|2|6934|158
1265|59040.0|7645.0|7645.0|1|1|2|6935|158
1266|154088.0|24047.0|24047.0|2|1|2|6935|158
1267|12913735.0|6950750.0|6950750.0|1|1|2|6936|158
1268|10872296.0|6102760.0|6102760.0|2|1|2|6936|158
1269|3350.0|7187.0|7187.0|1|1|2|6938|158
1270|181270.0|291902.0|291902.0|1|1|2|6940|158
1271|10134.0|54597.0|54597.0|2|1|2|6940|158
1272|471235.0|30904.0|30904.0|1|1|2|6941|158
1273|1574.0|382.0|382.0|1|1|2|6945|158
1274|141873.0|8618.0|8618.0|1|1|2|6946|158
1275|125866.0|343250.0|343250.0|2|1|2|6946|158
1276|4684.0|165132.0|165132.0|1|1|2|6947|158
1277|1981196.0|2229000.0|2229000.0|1|2|2|6926|158
1278|3891412.0|1530500.0|1530500.0|2|2|2|6926|158
1279|17762320.0|7318750.0|7318750.0|1|2|2|6928|158
1280|101001024.0|23368562.0|23368562.0|2|2|2|6928|158
1281|4566.0|796.0|796.0|1|2|2|6929|158
1282|9654.0|1625.0|1625.0|2|2|2|6929|158
1283|133838.0|11090.0|11090.0|1|2|2|6931|158
1284|30791.0|2043.0|2043.0|2|2|2|6931|158
1285|45627.0|5184.0|5184.0|1|2|2|6933|158
1286|186177.0|82206.0|82206.0|2|2|2|6933|158
1287|324985.0|50983.0|50983.0|1|2|2|6934|158
1288|2450.0|17000.0|17000.0|2|2|2|6934|158
1289|96500.0|12439.0|12439.0|1|2|2|6935|158
1290|130218.0|27149.0|27149.0|2|2|2|6935|158
1291|1441958.0|1698000.0|1698000.0|1|2|2|6936|158
1292|1745419.0|1548000.0|1548000.0|2|2|2|6936|158
1293|20803.0|2026.0|2026.0|1|2|2|6938|158
1294|488672.0|751479.0|751479.0|1|2|2|6940|158
1295|100602.0|543843.0|543843.0|2|2|2|6940|158
1296|407934.0|88702.0|88702.0|1|2|2|6941|158
1297|943273.0|760562.0|760562.0|2|2|2|6941|158
1298|1879.0|457.0|457.0|1|2|2|6945|158
1299|195303.0|848291.0|848291.0|1|2|2|6946|158
1300|101421.0|357812.0|357812.0|2|2|2|6946|158
1301|52019.0|1670812.0|1670812.0|1|2|2|6947|158
1302|249156.0|97000.0|97000.0|1|3|2|6928|158
1303|82809176.0|24453948.0|24453948.0|2|3|2|6928|158
1304|291117.0|24852.0|24852.0|1|3|2|6931|158
1305|23696.0|12000.0|12000.0|2|3|2|6933|158
1306|412452.0|86379.0|86379.0|1|3|2|6934|158
1307|62325.0|10650.0|10650.0|1|3|2|6935|158
1308|288028.0|45173.0|45173.0|2|3|2|6935|158
1309|13604.0|2875.0|2875.0|1|3|2|6940|158
1310|101773.0|491691.0|491691.0|1|4|2|6928|158
1311|68474184.0|18992936.0|18992936.0|2|4|2|6928|158
1312|47419.0|6527.0|6527.0|1|4|2|6931|158
1313|17975.0|5573.0|5573.0|2|4|2|6933|158
1314|58169.0|15681.0|15681.0|1|4|2|6934|158
1315|76589.0|10353.0|10353.0|1|4|2|6935|158
1316|290889.0|39169.0|39169.0|2|4|2|6935|158
1317|20494.0|11144.0|11144.0|1|4|2|6940|158
1318|53.0|449.0|449.0|1|5|2|6925|158
1319|370329.0|4872000.0|4872000.0|2|5|2|6925|158
1320|4219.0|213000.0|213000.0|1|5|2|6926|158
1321|16361.0|3200000.0|3200000.0|2|5|2|6926|158
1322|362750.0|123040.0|123040.0|1|5|2|6928|158
1323|59386260.0|210589808.0|210589808.0|2|5|2|6928|158
1324|975.0|30000.0|30000.0|2|5|2|6929|158
1325|52090.0|4056.0|4056.0|1|5|2|6931|158
1326|889.0|1717.0|1717.0|2|5|2|6931|158
1327|2490.0|270.0|270.0|1|5|2|6933|158
1328|7843.0|1500.0|1500.0|2|5|2|6933|158
1329|44245.0|3444.0|3444.0|1|5|2|6934|158
1330|26565.0|650000.0|650000.0|2|5|2|6934|158
1331|152590.0|20169.0|20169.0|1|5|2|6935|158
1332|358400.0|566945.0|566945.0|2|5|2|6935|158
1333|45217.0|15760000.0|15760000.0|2|5|2|6936|158
1334|265410.0|2150000.0|2150000.0|2|5|2|6938|158
1335|74292.0|17500.0|17500.0|1|5|2|6940|158
1336|166.0|14.0|14.0|1|5|2|6941|158
1337|1141.0|128.0|128.0|1|5|2|6945|158
1338|442.0|50.0|50.0|1|5|2|6946|158
1339|14547.0|1295000.0|1295000.0|2|5|2|6946|158
1340|7440.0|453002.0|453002.0|1|5|2|6947|158
1341|9180.0|87000.0|87000.0|2|5|2|6947|158
1342|876091.0|77106.0|5907.0|1|7|1|6931|159
1343|1179844.0|44582.0|2037.0|2|7|1|6931|159
1344|49222.0|1450.0|4.0|4|7|1|6931|159
1345|8123950.0|487975.0|86.0|1|7|1|6933|159
1346|22058203.0|1045184.0|185.0|2|7|1|6933|159
1347|105963.0|11000.0|1.0|4|7|1|6933|159
1348|6696768.0|264267.0|92.0|1|7|1|6934|159
1349|9243779.0|361051.0|57.0|2|7|1|6934|159
1350|3631580.0|179537.0|2104.0|1|7|1|6935|159
1351|3103491.0|128961.0|860.0|2|7|1|6935|159
1352|4951712.0|2227284.0||1|7|3|6936|159
1353|1450682.0|12591.0|269.0|1|7|1|6941|159
1354|1424812.0|26930.0|503.0|2|7|1|6941|159
1355|24585.0|1531.0|27.0|1|7|1|6945|159
1356|37591.0|354.0|7.0|2|7|1|6945|159
1357|25404.0|7904.0|217.0|1|7|1|6946|159
1358|4232.0|143.0|141.0|2|7|1|6946|159
1359|2749.0|81.0||2|8|3|6928|159
1360|795768.0|56500.0|3.0|1|8|1|6929|159
1361|931471.0|85256.0|8196.0|1|8|1|6931|159
1362|1515396.0|40810.0|438.0|2|8|1|6931|159
1363|11176743.0|618079.0|62.0|1|8|1|6933|159
1364|27437512.0|1141812.0|209.0|2|8|1|6933|159
1365|277741.0|30000.0|3.0|4|8|1|6933|159
1366|9064762.0|279295.0|80.0|1|8|1|6934|159
1367|15523030.0|521368.0|70.0|2|8|1|6934|159
1368|3762449.0|164965.0|1400.0|1|8|1|6935|159
1369|3376913.0|107995.0|960.0|2|8|1|6935|159
1370|2858.0|144.0|7.0|4|8|1|6935|159
1371|485156.0|200000.0|1.0|2|8|1|6938|159
1372|16579.0|1700.0|1.0|2|8|1|6940|159
1373|1025667.0|9615.0|235.0|1|8|1|6941|159
1374|1061451.0|23723.0|446.0|2|8|1|6941|159
1375|52731.0|1179.0|35.0|1|8|1|6945|159
1376|57311.0|664.0|22.0|2|8|1|6945|159
1377|85216.0|4841.0|198.0|1|8|1|6946|159
1378|2352.0|37.0|12.0|2|8|1|6946|159
1379|1177504.0|135000.0|2.0|1|11|1|6925|159
1380|33001.0|1391.0||2|11|3|6928|159
1381|130816.0|30000.0|1.0|1|11|1|6929|159
1382|895414.0|79664.0|10638.0|1|11|1|6931|159
1383|1756565.0|48849.0|708.0|2|11|1|6931|159
1384|6292658.0|369276.0|49.0|1|11|1|6933|159
1385|19470779.0|730232.0|155.0|2|11|1|6933|159
1386|14195132.0|407473.0|66.0|1|11|1|6934|159
1387|51252284.0|1337358.0|186.0|2|11|1|6934|159
1388|2194449.0|93718.0|1217.0|1|11|1|6935|159
1389|2512063.0|89870.0|1149.0|2|11|1|6935|159
1390|374241.0|200000.0|1.0|1|11|1|6938|159
1391|57135.0|8663.0|2.0|1|11|1|6940|159
1392|736818.0|7546.0|131.0|1|11|1|6941|159
1393|805091.0|14681.0|214.0|2|11|1|6941|159
1394|30735.0|1211.0|24.0|1|11|1|6945|159
1395|9672.0|98.0|4.0|2|11|1|6945|159
1396|300232.0|119428.0|1990.0|1|11|1|6946|159
1397|5915.0|485.0|73.0|2|11|1|6946|159
1398|2086.0|12.0|1.0|2|12|1|6925|159
1399|993875.0|76772.0|4838.0|1|12|1|6931|159
1400|1603879.0|44260.0|365.0|2|12|1|6931|159
1401|65008.0|1875.0|5.0|4|12|1|6931|159
1402|8162653.0|492363.0|70.0|1|12|1|6933|159
1403|26130570.0|1108795.0|285.0|2|12|1|6933|159
1404|9998683.0|402012.0|128.0|1|12|1|6934|159
1405|35505159.0|945959.0|187.0|2|12|1|6934|159
1406|4772519.0|147312.0|1560.0|1|12|1|6935|159
1407|3590243.0|119677.0|1564.0|2|12|1|6935|159
1408|1391255.0|64900.0|3.0|1|12|1|6940|159
1409|1420596.0|63100.0|4.0|2|12|1|6940|159
1410|693282.0|30780.0|112.0|1|12|1|6941|159
1411|532174.0|32798.0|457.0|2|12|1|6941|159
1412|20207.0|943.0|35.0|1|12|1|6945|159
1413|8901.0|181.0|6.0|2|12|1|6945|159
1414|228463.0|206585.0|229.0|1|12|1|6946|159
1415|166168.0|33273.0|1225.0|2|12|1|6946|159
1416|17045.0|3640.0|1.0|1|13|1|6929|159
1417|1202451.0|86844.0|6979.0|1|13|1|6931|159
1418|1776031.0|42010.0|1576.0|2|13|1|6931|159
1419|19619.0|500.0|1.0|4|13|1|6931|159
1420|5389346.0|257594.0|49.0|1|13|1|6933|159
1421|29964909.0|1034063.0|295.0|2|13|1|6933|159
1422|27312291.0|784096.0|197.0|1|13|1|6934|159
1423|32998465.0|976336.0|234.0|2|13|1|6934|159
1424|1711510.0|83733.0|1918.0|1|13|1|6935|159
1425|1533687.0|63706.0|2025.0|2|13|1|6935|159
1426|12202440.0|143917.0||1|13|3|6936|159
1427|6218.0|258.0|4.0|1|13|1|6940|159
1428|3912425.0|10127000.0|1.0|2|13|1|6940|159
1429|806962.0|16170.0|105.0|1|13|1|6941|159
1430|475867.0|31569.0|503.0|2|13|1|6941|159
1431|9657.0|399.0|16.0|1|13|1|6945|159
1432|4154.0|150.0|3.0|2|13|1|6945|159
1433|449821.0|6767.0|113.0|1|13|1|6946|159
1434|527108.0|111246.0|3630.0|2|13|1|6946|159
1435|404943.0|60000.0||2|14|3|6925|159
1436|832805.0|59332.0|3291.0|1|14|1|6931|159
1437|1141494.0|27362.0|904.0|2|14|1|6931|159
1438|2830258.0|156001.0|40.0|1|14|1|6933|159
1439|28260293.0|977556.0|261.0|2|14|1|6933|159
1440|18151379.0|601051.0|215.0|1|14|1|6934|159
1441|23591423.0|887270.0|229.0|2|14|1|6934|159
1442|1987131.0|107661.0|2730.0|1|14|1|6935|159
1443|1690887.0|76051.0|2125.0|2|14|1|6935|159
1444|40332559.0|396001.0||1|14|3|6941|159
1445|192078.0|8044.0|132.0|2|14|1|6941|159
1446|35964.0|1582.0|11.0|1|14|1|6945|159
1447|20378.0|556.0|10.0|2|14|1|6945|159
1448|268967.0|14929.0||1|14|3|6946|159
1449|396498.0|79343.0||2|14|3|6946|159
1450|702991.0|38000.0||1|15|3|6925|159
1451|4934398.0|202000.0||2|15|3|6925|159
1452|1200000.0|658000.0||1|15|3|6928|159
1453|1224836.0|90259.0|8973.0|1|15|1|6931|159
1454|2044205.0|40287.0|453.0|2|15|1|6931|159
1455|5267687.0|260772.0|69.0|1|15|1|6933|159
1456|51108593.0|1156586.0|203.0|2|15|1|6933|159
1457|118400.0|4200.0|1.0|4|15|1|6933|159
1458|26600374.0|885339.0|306.0|1|15|1|6934|159
1459|26642091.0|734151.0|191.0|2|15|1|6934|159
1460|86430.0|3800.0|1.0|4|15|1|6934|159
1461|3742300.0|150569.0|2242.0|1|15|1|6935|159
1462|1765954.0|77721.0|1986.0|2|15|1|6935|159
1463|453334.0|36146.0|2.0|1|15|1|6938|159
1464|375882.0|50710.0|2.0|2|15|1|6938|159
1465|740296.0|28520.0|711.0|1|15|1|6941|159
1466|344350.0|11206.0|534.0|2|15|1|6941|159
1467|38403.0|457.0||2|15|3|6945|159
1468|72330.0|1895.0|23.0|1|15|1|6945|159
1469|167187.0|7233.0||1|15|3|6946|159
1470|54640.0|3002.0||2|15|3|6946|159
1471|1530926.0|85000.0||2|16|3|6928|159
1472|66516.0|8620.0||1|16|3|6929|159
1473|2220934.0|119648.0|14759.0|1|16|1|6931|159
1474|2273039.0|41206.0|863.0|2|16|1|6931|159
1475|11160590.0|496914.0|129.0|1|16|1|6933|159
1476|73715958.0|1911252.0|318.0|2|16|1|6933|159
1477|86412573.0|2100145.0|606.0|1|16|1|6934|159
1478|73009801.0|1575067.0|341.0|2|16|1|6934|159
1479|4762261.0|178539.0|2292.0|1|16|1|6935|159
1480|5525398.0|141737.0|1873.0|2|16|1|6935|159
1481|3988.0|4103.0||1|16|3|6936|159
1482|94676.0|72700.0|1.0|2|16|1|6938|159
1483|441078.0|14856.0|502.0|1|16|1|6941|159
1484|3821.0|83.0|13.0|2|16|1|6941|159
1485|9995.0|173.0||2|16|3|6945|159
1486|73740.0|2963.0|23.0|1|16|1|6945|159
1487|631748.0|91797.0||1|16|3|6946|159
1488|9997.0|929.0||2|16|3|6946|159
1489|87947.0|14000.0||1|17|3|6925|159
1490|208700.0|24530.0||2|17|3|6925|159
1491|1228845.0|1639435.0||1|17|3|6928|159
1492|1862520.0|98314.0|10340.0|1|17|1|6931|159
1493|2515604.0|58729.0|689.0|2|17|1|6931|159
1494|56032.0|4733.0|158.0|4|17|1|6931|159
1495|11828360.0|545713.0|129.0|1|17|1|6933|159
1496|57996679.0|2357606.0|430.0|2|17|1|6933|159
1497|200957.0|9100.0|2.0|4|17|1|6933|159
1498|56941699.0|1738956.0|421.0|1|17|1|6934|159
1499|45677039.0|1188157.0|293.0|2|17|1|6934|159
1500|2878038.0|129471.0|2284.0|1|17|1|6935|159
1501|4364904.0|146188.0|1784.0|2|17|1|6935|159
1502|686.0|358.0||1|17|3|6936|159
1503|349276.0|13101.0|8.0|1|17|1|6941|159
1504|90272.0|6122.0|5.0|2|17|1|6941|159
1505|49328.0|349.0||2|17|3|6945|159
1506|49464.0|2173.0|18.0|1|17|1|6945|159
1507|84399.0|6586.0||1|17|3|6946|159
1508|555.0|25.0||2|17|3|6946|159
1509|55958.0|213000.0||2|18|3|6928|159
1510|1184659.0|79671.0|11657.0|1|18|1|6931|159
1511|1133840.0|37688.0|1650.0|2|18|1|6931|159
1512|32.0|9.0|24.0|4|18|1|6931|159
1513|7449890.0|519221.0|125.0|1|18|1|6933|159
1514|50059155.0|2427585.0|435.0|2|18|1|6933|159
1515|165896.0|9400.0|2.0|4|18|1|6933|159
1516|35239915.0|1399669.0|413.0|1|18|1|6934|159
1517|24432925.0|779130.0|219.0|2|18|1|6934|159
1518|1375754.0|84244.0|1776.0|1|18|1|6935|159
1519|6731546.0|195189.0|1118.0|2|18|1|6935|159
1520|50.0|60.0|1.0|4|18|1|6935|159
1521|589655.0|3626.0|2.0|1|18|1|6938|159
1522|2692.0|414.0|27.0|1|18|1|6941|159
1523|25344.0|2715.0|7.0|2|18|1|6941|159
1524|44823.0|1738.0|23.0|1|18|1|6945|159
1525|3311.0|151.0|105.0|2|18|1|6945|159
1526|344351.0|26946.0||1|18|3|6946|159
1527|6338114.0|255000.0||2|19|3|6925|159
1528|339289.0|1132000.0||2|19|3|6928|159
1529|1014958.0|63710.0|4862.0|1|19|1|6931|159
1530|588535.0|19231.0|633.0|2|19|1|6931|159
1531|92.0|33.0|80.0|4|19|1|6931|159
1532|9080557.0|370657.0|69.0|1|19|1|6933|159
1533|56691746.0|1232095.0|356.0|2|19|1|6933|159
1534|295596.0|15070.0|2.0|4|19|1|6933|159
1535|25038437.0|658464.0|213.0|1|19|1|6934|159
1536|25377559.0|659730.0|129.0|2|19|1|6934|159
1537|1316378.0|80414.0|2031.0|1|19|1|6935|159
1538|834008.0|26414.0|1027.0|2|19|1|6935|159
1539|9106.0|677.0|2.0|1|19|1|6938|159
1540|237993.0|10836.0|20.0|1|19|1|6941|159
1541|44955.0|2997.0|8.0|2|19|1|6941|159
1542|52596.0|1995.0|28.0|1|19|1|6945|159
1543|87113.0|17038.0||1|19|3|6946|159
1544|329.0|4.0||2|19|3|6946|159
1545|200.0|38.0||2|19|3|6947|159
1546|3472205.0|67067.0||1|20|3|6925|159
1547|151256.0|50000.0||2|20|3|6925|159
1548|56191.0|31860.0||1|20|3|6929|159
1549|14277.0|4969.0||2|20|3|6929|159
1550|659164.0|54341.0|6918.0|1|20|1|6931|159
1551|466739.0|16291.0|178.0|2|20|1|6931|159
1552|15199988.0|707289.0|127.0|1|20|1|6933|159
1553|42001529.0|1275937.0|333.0|2|20|1|6933|159
1554|175819.0|5200.0|2.0|4|20|1|6933|159
1555|21894168.0|617286.0|275.0|2|20|1|6934|159
1556|30537021.0|1012395.0|259.0|1|20|1|6934|159
1557|1406748.0|73107.0|1157.0|1|20|1|6935|159
1558|560382.0|32788.0|890.0|2|20|1|6935|159
1559|124.0|6.0|6.0|1|20|1|6939|159
1560|208.0|||1|20|3|6940|159
1561|194527.0|11383.0|48.0|1|20|1|6941|159
1562|37638.0|3535.0|3.0|2|20|1|6941|159
1563|46286.0|2274.0|24.0|1|20|1|6945|159
1564|95.0|9.0|3.0|2|20|1|6945|159
1565|59283.0|16458.0||1|20|3|6946|159
1566|73069.0|17461.0||2|20|3|6946|159
1567|2372.0|170.0||1|20|3|6947|159
1568|325000.0|38840.0||1|21|3|6925|159
1569|6376.0|1400.0||1|21|3|6929|159
1570|938498.0|332000.0||2|21|3|6929|159
1571|882584.0|87700.0|10032.0|1|21|1|6931|159
1572|227913.0|7929.0|85.0|2|21|1|6931|159
1573|14063288.0|915510.0|258.0|1|21|1|6933|159
1574|38453975.0|2045926.0|341.0|2|21|1|6933|159
1575|13817329.0|590692.0|189.0|1|21|1|6934|159
1576|7342912.0|274226.0|121.0|2|21|1|6934|159
1577|1090489.0|95357.0|1803.0|1|21|1|6935|159
1578|984526.0|68324.0|1378.0|2|21|1|6935|159
1579|9390.0|120.0|3.0|1|21|1|6940|159
1580|764570.0|14094.0|7.0|1|21|1|6941|159
1581|91656.0|4994.0|10.0|2|21|1|6941|159
1582|59718.0|1721.0||1|21|3|6945|159
1583|488.0|36.0|1.0|2|21|1|6945|159
1584|142975.0|53257.0||1|21|3|6946|159
1585|34127.0|14863.0||2|21|3|6946|159
1586|126813.0|25000.0||1|9|3|6925|159
1587|385789.0|185180.0|3.0|2|9|1|6929|159
1588|609636.0|64896.0|9123.0|1|9|1|6931|159
1589|282827.0|13674.0|171.0|2|9|1|6931|159
1590|8229261.0|603104.0|180.0|1|9|1|6933|159
1591|21425731.0|1445439.0|272.0|2|9|1|6933|159
1592|7941416.0|493997.0|149.0|1|9|1|6934|159
1593|7897095.0|343983.0|168.0|2|9|1|6934|159
1594|1054366.0|80732.0|714.0|1|9|1|6935|159
1595|778773.0|50191.0|328.0|2|9|1|6935|159
1596|3177000.0|360000.0||1|9|3|6936|159
1597|117091.0|4359.0|1.0|1|9|1|6938|159
1598|7201.0|25000.0|5.0|2|9|1|6938|159
1599|38100.0|1361.0|1.0|1|9|1|6940|159
1600|909912.0|17565.0|10.0|1|9|1|6941|159
1601|330663.0|50138.0|10.0|2|9|1|6941|159
1602|26956.0|1302.0||1|9|3|6945|159
1603|43043.0|42507.0||1|9|3|6946|159
1604|42306.0|16615.0||2|9|3|6946|159
1605|7.0|0.0||1|9|3|6947|159
1606|734648.0|169112.0||1|22|3|6925|159
1607|135334.0|83980.0||2|22|3|6925|159
1608|115230.0|96500.0||2|22|3|6928|159
1609|54319.0|39380.0||1|22|3|6929|159
1610|595390.0|59024.0|6895.0|1|22|1|6931|159
1611|200249.0|11112.0|151.0|2|22|1|6931|159
1612|2756390.0|291105.0|70.0|1|22|1|6933|159
1613|11332033.0|814427.0|158.0|2|22|1|6933|159
1614|6099185.0|458730.0|110.0|1|22|1|6934|159
1615|3375963.0|291494.0|312.0|2|22|1|6934|159
1616|571555.0|66302.0|474.0|1|22|1|6935|159
1617|315650.0|24557.0|551.0|2|22|1|6935|159
1618|722680.0|334000.0||2|22|3|6936|159
1619|2177165.0|458000.0||1|22|3|6936|159
1620|501915.0|187237.0|13.0|1|22|1|6938|159
1621|1787910.0|32457.0||1|22|3|6941|159
1622|60362.0|2090.0||2|22|3|6941|159
1623|10481.0|697.0||1|22|3|6945|159
1624|1762.0|3500.0||2|22|3|6946|159
1625|5939.0|697.0||1|22|3|6946|159
1626|291377.0|364110.0||1|10|3|6925|159
1627|283574.0|109400.0||2|10|3|6928|159
1628|13587.0|17320.0||1|10|3|6929|159
1629|19551.0|14990.0|0.0|2|10|1|6929|159
1630|520419.0|78260.0|10444.0|1|10|1|6931|159
1631|212165.0|10189.0|248.0|2|10|1|6931|159
1632|1337656.0|147540.0|77.0|1|10|1|6933|159
1633|6985344.0|519700.0|1077.0|2|10|1|6933|159
1634|2362938.0|237344.0|182.0|1|10|1|6934|159
1635|1146039.0|102924.0|231.0|2|10|1|6934|159
1636|547071.0|53207.0|365.0|1|10|1|6935|159
1637|243609.0|17711.0|450.0|2|10|1|6935|159
1638|500000.0|267000.0||1|10|3|6936|159
1639|575049.0|199600.0|1.0|1|10|1|6938|159
1640|446951.0|11723.0||1|10|3|6941|159
1641|33767.0|2200.0||2|10|3|6941|159
1642|4862.0|289.0|2.0|1|10|1|6945|159
1643|108945.0|801.0||1|10|3|6946|159
1644|19593.0|8000.0||2|10|3|6946|159
1645|290.0|4.0|0.0|1|10|1|6947|159
1646|214850.0|11000.0|11000.0|1|23|2|6925|159
1647|12832.0|17140.0|17140.0|1|23|2|6929|159
1648|232096.0|200730.0|200730.0|2|23|2|6929|159
1649|496122.0|58294.0|58294.0|1|23|2|6931|159
1650|116344.0|4935.0|4935.0|2|23|2|6931|159
1651|1206511.0|105719.0|105719.0|1|23|2|6933|159
1652|7333668.0|466935.0|466935.0|2|23|2|6933|159
1653|3884317.0|277622.0|277622.0|1|23|2|6934|159
1654|1135074.0|90412.0|90412.0|2|23|2|6934|159
1655|678661.0|49930.0|49930.0|1|23|2|6935|159
1656|358188.0|44265.0|44265.0|2|23|2|6935|159
1657|321832.0|370062.0|370062.0|1|23|2|6938|159
1658|218635.0|21437.0|21437.0|1|23|2|6941|159
1659|2836.0|648.0|648.0|2|23|2|6941|159
1660|18030.0|796.0|796.0|1|23|2|6945|159
1661|4060.0|330.0|330.0|1|23|2|6946|159
1662|28.0|2.0|2.0|2|23|2|6946|159
1663|113.0|14.0|14.0|1|23|2|6947|159
1664|1112.0|19.0|19.0|2|23|2|6947|159
1665|90319.0|65191.0|65191.0|1|1|2|6929|159
1666|389257.0|48341.0|48341.0|1|1|2|6931|159
1667|119656.0|5956.0|5956.0|2|1|2|6931|159
1668|685977.0|99981.0|99981.0|1|1|2|6933|159
1669|6237419.0|389623.0|389623.0|2|1|2|6933|159
1670|3605887.0|259894.0|259894.0|1|1|2|6934|159
1671|1501011.0|102520.0|102520.0|2|1|2|6934|159
1672|537481.0|49933.0|49933.0|1|1|2|6935|159
1673|414713.0|51126.0|51126.0|2|1|2|6935|159
1674|147904.0|12065.0|12065.0|1|1|2|6941|159
1675|3154.0|257.0|257.0|1|1|2|6945|159
1676|8419.0|429.0|429.0|1|1|2|6946|159
1677|1205.0|10.0|10.0|2|1|2|6947|159
1678|63.0|2.0|2.0|2|2|2|6925|159
1679|150000.0|3839000.0|3839000.0|2|2|2|6928|159
1680|3368.0|74.0|74.0|1|2|2|6929|159
1681|113063.0|27218.0|27218.0|2|2|2|6929|159
1682|219084.0|21111.0|21111.0|1|2|2|6931|159
1683|86193.0|6044.0|6044.0|2|2|2|6931|159
1684|591066.0|61247.0|61247.0|1|2|2|6933|159
1685|7322778.0|504218.0|504218.0|2|2|2|6933|159
1686|1660405.0|147852.0|147852.0|1|2|2|6934|159
1687|1893482.0|159074.0|159074.0|2|2|2|6934|159
1688|589768.0|50942.0|50942.0|1|2|2|6935|159
1689|243558.0|29126.0|29126.0|2|2|2|6935|159
1690|61.0|14.0|14.0|1|2|2|6936|159
1691|31664.0|4687.0|4687.0|1|2|2|6941|159
1692|336.0|44.0|44.0|2|2|2|6941|159
1693|21090.0|199.0|199.0|1|2|2|6945|159
1694|6917.0|340.0|340.0|1|2|2|6946|159
1695|1503.0|3125.0|3125.0|2|2|2|6946|159
1696|1403.0|53.0|53.0|2|2|2|6947|159
1697|3878080.0|60031.0|60031.0|1|3|2|6928|159
1698|132122.0|10811.0|10811.0|1|3|2|6931|159
1699|90194.0|4999.0|4999.0|2|3|2|6931|159
1700|811326.0|58866.0|58866.0|1|3|2|6933|159
1701|5749315.0|375383.0|375383.0|2|3|2|6933|159
1702|2668506.0|200293.0|200293.0|1|3|2|6934|159
1703|747294.0|58502.0|58502.0|2|3|2|6934|159
1704|903771.0|62778.0|62778.0|1|3|2|6935|159
1705|280953.0|26643.0|26643.0|2|3|2|6935|159
1706|46760.0|4055.0|4055.0|1|3|2|6941|159
1707|1908.0|105.0|105.0|1|3|2|6945|159
1708|11824.0|1045.0|1045.0|1|3|2|6946|159
1709|9516.0|6250.0|6250.0|2|3|2|6946|159
1710|403.0|2.0|2.0|1|3|2|6947|159
1711|712537.0|315385.0|315385.0|1|4|2|6925|159
1712|21630.0|5187.0|5187.0|2|4|2|6925|159
1713|96343.0|7760.0|7760.0|1|4|2|6931|159
1714|336568.0|14373.0|14373.0|2|4|2|6931|159
1715|445016.0|47169.0|47169.0|1|4|2|6933|159
1716|10040783.0|517589.0|517589.0|2|4|2|6933|159
1717|2014927.0|170884.0|170884.0|1|4|2|6934|159
1718|142813.0|13682.0|13682.0|2|4|2|6934|159
1719|584963.0|45493.0|45493.0|1|4|2|6935|159
1720|903558.0|120257.0|120257.0|2|4|2|6935|159
1721|2698312.0|440000.0|440000.0|1|4|2|6941|159
1722|10635.0|8625.0|8625.0|2|4|2|6941|159
1723|19980.0|578.0|578.0|1|4|2|6945|159
1724|56361.0|6154.0|6154.0|1|4|2|6946|159
1725|2457.0|194.0|194.0|2|4|2|6946|159
1726|794.0|398.0|398.0|1|5|2|6925|159
1727|38858.0|31328.0|31328.0|2|5|2|6929|159
1728|87977.0|10427.0|10427.0|1|5|2|6931|159
1729|227457.0|15488.0|15488.0|2|5|2|6931|159
1730|658552.0|62259.0|62259.0|1|5|2|6933|159
1731|6696018.0|409506.0|409506.0|2|5|2|6933|159
1732|604102.0|67338.0|67338.0|1|5|2|6934|159
1733|343229.0|27627.0|27627.0|2|5|2|6934|159
1734|436812.0|33586.0|33586.0|1|5|2|6935|159
1735|647023.0|110565.0|110565.0|2|5|2|6935|159
1736|92108.0|51800.0|51800.0|1|5|2|6938|159
1737|5854.0|5500.0|5500.0|1|5|2|6941|159
1738|418.0|179.0|179.0|2|5|2|6941|159
1739|1613.0|10.0|10.0|1|5|2|6945|159
1740|16313.0|1104.0|1104.0|1|5|2|6946|159
1741|276574.0||161.0|1|6|1|6925|162
1742|5357786.0||112.0|2|6|1|6925|162
1743|228567.0||4.0|4|6|1|6925|162
1744|23950.0|10115.0|23.0|2|6|1|6926|162
1745|7328.0||8.0|2|6|1|6927|162
1746|17961718.0||5.0|1|6|1|6928|162
1747|27375055.0||868.0|2|6|1|6928|162
1748|2444528.0||7.0|1|6|1|6929|162
1749|3184671.0|372330.0|309.0|2|6|1|6929|162
1750|491016.0|32915.0|200284.0|1|6|1|6931|162
1751|5620132.0|236871.0|7439.0|2|6|1|6931|162
1752|138773.0|9303.0|170009.0|4|6|1|6931|162
1753|804841.0|35670.0|9.0|1|6|1|6933|162
1754|73345700.0|3023991.0|3059.0|2|6|1|6933|162
1755|2174942.0||104.0|1|6|1|6934|162
1756|31282329.0|1103343.0|521.0|2|6|1|6934|162
1757|3480029.0|181043.0|18729.0|1|6|1|6935|162
1758|6528919.0|336926.0|18230.0|2|6|1|6935|162
1759|66665.0|3468.0|1.0|4|6|1|6935|162
1760|5719.0|471.0|3974.0|1|6|1|6936|162
1761|7914.0|694.0|1802.0|2|6|1|6936|162
1762|60868651.0|8503687.0|83.0|1|6|1|6938|162
1763|16211.0||1692.0|2|6|1|6938|162
1764|294033.0|41078.0|78.0|4|6|1|6938|162
1765|9450.0||4.0|1|6|1|6939|162
1766|16385.0|1488.0|302.0|2|6|1|6939|162
1767|11512133.0||4399.0|1|6|1|6940|162
1768|311512.0||1060.0|2|6|1|6940|162
1769|517254.0|17982.0|166.0|1|6|1|6941|162
1770|12429213.0||129.0|2|6|1|6941|162
1771|1676.0|58.0|1.0|4|6|1|6941|162
1772|3278455.0||2356.0|1|6|1|6945|162
1773|2126542.0||2235.0|2|6|1|6945|162
1774|2684.0||3.0|4|6|1|6945|162
1775|1901573.0|168709.0|19810.0|1|6|1|6946|162
1776|2308861.0||22779.0|2|6|1|6946|162
1777|1628.0|144.0|3.0|4|6|1|6946|162
1778|7166.0|31744.0|14.0|1|6|1|6947|162
1779|28624.0||76.0|2|6|1|6947|162
1780|73760.0||2006.0|1|7|1|6925|162
1781|141216.0||76.0|2|7|1|6925|162
1782|3856.0|1935.0|32.0|2|7|1|6926|162
1783|323996.0||20.0|1|7|1|6928|162
1784|129557.0||18.0|2|7|1|6928|162
1785|32817681.0||22.0|1|7|1|6929|162
1786|2633872.0||12.0|2|7|1|6929|162
1787|1042197.0|62759.0|36458.0|1|7|1|6931|162
1788|3113958.0||1564.0|2|7|1|6931|162
1789|1576.0|95.0|2.0|4|7|1|6931|162
1790|86552.0|3639.0|158.0|1|7|1|6933|162
1791|67097068.0||1004.0|2|7|1|6933|162
1792|5133415.0||473.0|1|7|1|6934|162
1793|19098552.0|537181.0|98.0|2|7|1|6934|162
1794|7368828.0|356595.0|13049.0|1|7|1|6935|162
1795|7002868.0||6424.0|2|7|1|6935|162
1796|8666.0|419.0|2.0|4|7|1|6935|162
1797|10573.0||88.0|1|7|1|6936|162
1798|15948.0|1581.0|42.0|2|7|1|6936|162
1799|130804.0|15788.0|2.0|1|7|1|6938|162
1800|10928850.0|938299.0|72.0|2|7|1|6938|162
1801|50806.0|4412.0|130.0|2|7|1|6939|162
1802|250918.0||8498.0|1|7|1|6940|162
1803|97584574.0|9268119.0|534.0|2|7|1|6940|162
1804|299669.0|9526.0|108.0|1|7|1|6941|162
1805|834694.0||98.0|2|7|1|6941|162
1806|3532779.0||5456.0|1|7|1|6945|162
1807|2087636.0||1872.0|2|7|1|6945|162
1808|68225.0||98.0|4|7|1|6945|162
1809|2932819.0|247863.0|25966.0|1|7|1|6946|162
1810|991806.0||88340.0|2|7|1|6946|162
1811|615.0||2.0|2|7|1|6947|162
1812|111091.0||502.0|1|8|1|6925|162
1813|15390394.0||929.0|2|8|1|6925|162
1814|11869.0|5301.0|12.0|2|8|1|6926|162
1815|590.0||180.0|1|8|1|6927|162
1816|38267.0||6.0|2|8|1|6927|162
1817|737.0||26.0|1|8|1|6928|162
1818|854652.0||35.0|2|8|1|6928|162
1819|89904.0||518.0|2|8|1|6929|162
1820|11661245.0||5.0|1|8|1|6929|162
1821|846158.0|43813.0|31900.0|1|8|1|6931|162
1822|4072152.0|157960.0|6135.0|2|8|1|6931|162
1823|299828.0|15525.0|21.0|4|8|1|6931|162
1824|963711.0|45328.0|185.0|1|8|1|6933|162
1825|81473142.0||331.0|2|8|1|6933|162
1826|3888714.0||404.0|1|8|1|6934|162
1827|15437551.0||154.0|2|8|1|6934|162
1828|39628.0|2154.0|15.0|4|8|1|6935|162
1829|8381195.0|455601.0|32080.0|1|8|1|6935|162
1830|4475287.0|184188.0|2546.0|2|8|1|6935|162
1831|48864.0||4042.0|1|8|1|6936|162
1832|2806015.0||134.0|2|8|1|6936|162
1833|15414290.0|1693161.0|6.0|1|8|1|6938|162
1834|503721.0|30745.0|9.0|2|8|1|6938|162
1835|50709.0|5570.0|1.0|4|8|1|6938|162
1836|2838.0||3.0|1|8|1|6939|162
1837|514662.0|40865.0|205.0|2|8|1|6939|162
1838|1117961.0||11094.0|1|8|1|6940|162
1839|3695982.0||1257.0|2|8|1|6940|162
1840|51129416.0|1692480.0|1146.0|1|8|1|6941|162
1841|5706186.0||641.0|2|8|1|6941|162
1842|51032.0|1719.0|5.0|4|8|1|6941|162
1843|2434836.0||1739.0|1|8|1|6945|162
1844|1622003.0|43187.0|6153.0|2|8|1|6945|162
1845|2624989.0|212458.0|60620.0|1|8|1|6946|162
1846|1666278.0||28602.0|2|8|1|6946|162
1847|27864.0|2255.0|528.0|4|8|1|6946|162
1848|231.0||10.0|1|8|1|6947|162
1849|20888.0||528.0|2|8|1|6947|162
1850|36371.0|||1|11|3|6925|162
1851|7528558.0|||2|11|3|6925|162
1852|3075.0|||1|11|3|6926|162
1853|251032.0|||2|11|3|6926|162
1854|301.0|||4|11|3|6926|162
1855|180281.0|||2|11|3|6927|162
1856|626060.0|||2|11|3|6928|162
1857|122401.0|||1|11|3|6928|162
1858|1821644.0|||1|11|3|6929|162
1859|4476672.0|||2|11|3|6929|162
1860|1286752.0|78862.0||1|11|3|6931|162
1861|3243451.0|102189.0||2|11|3|6931|162
1862|525926.0|32233.0||4|11|3|6931|162
1863|77338884.0|3019330.0||2|11|3|6933|162
1864|3627.0|||4|11|3|6933|162
1865|1265049.0|||1|11|3|6933|162
1866|4754046.0|||1|11|3|6934|162
1867|6741117.0|204894.0||2|11|3|6934|162
1868|17781.0|||4|11|3|6934|162
1869|5994238.0|||2|11|3|6935|162
1870|9762959.0|487735.0|1169.0|1|11|1|6935|162
1871|2061831.0|103004.0|247.0|4|11|1|6935|162
1872|2727.0|||1|11|3|6936|162
1873|638272.0|71610.0||2|11|3|6936|162
1874|86094.0|11734.0||1|11|3|6938|162
1875|1153663.0|112321.0||2|11|3|6938|162
1876|6.0|1.0||1|11|3|6939|162
1877|75489.0|||2|11|3|6939|162
1878|187413.0|||1|11|3|6940|162
1879|1789859.0|||2|11|3|6940|162
1880|135.0|||4|11|3|6940|162
1881|2100647.0|||1|11|3|6941|162
1882|5481608.0|146312.0||2|11|3|6941|162
1883|2073.0|||4|11|3|6941|162
1884|2524578.0|||1|11|3|6945|162
1885|1484573.0|||2|11|3|6945|162
1886|3534836.0|312795.0||1|11|3|6946|162
1887|2874929.0|211859.0||2|11|3|6946|162
1888|36.0|3.0||4|11|3|6946|162
1889|63300.0|||2|11|3|6947|162
1890|131719.0|||1|12|3|6925|162
1891|6801786.0|||2|12|3|6925|162
1892|4557.0|||2|12|3|6926|162
1893|195.0|||1|12|3|6927|162
1894|2437.0|||2|12|3|6927|162
1895|148543164.0|||1|12|3|6928|162
1896|3617955.0|||2|12|3|6928|162
1897|3654.0|||1|12|3|6929|162
1898|3136159.0|||2|12|3|6929|162
1899|1738913.0|106574.0||1|12|3|6931|162
1900|2997930.0|94454.0||2|12|3|6931|162
1901|303818.0|18620.0||4|12|3|6931|162
1902|2833997.0|||1|12|3|6933|162
1903|61179589.0|2388467.0||2|12|3|6933|162
1904|359244.0|||4|12|3|6933|162
1905|5907287.0|||1|12|3|6934|162
1906|2719916.0|82671.0||2|12|3|6934|162
1907|609.0|||4|12|3|6934|162
1908|6966161.0|||2|12|3|6935|162
1909|9889446.0|494054.0|1184.0|1|12|1|6935|162
1910|161036.0|8045.0|19.0|4|12|1|6935|162
1911|7174089.0|||1|12|3|6936|162
1912|6301857.0|707030.0||2|12|3|6936|162
1913|2436.0|332.0||4|12|3|6938|162
1914|193003.0|26304.0||1|12|3|6938|162
1915|309160.0|30100.0||2|12|3|6938|162
1916|2571.0|320.0||1|12|3|6939|162
1917|562601.0|||2|12|3|6939|162
1918|861294.0|||1|12|3|6940|162
1919|778758.0|||2|12|3|6940|162
1920|95700.0|||4|12|3|6940|162
1921|958515.0|||1|12|3|6941|162
1922|2860213.0|76685.0||2|12|3|6941|162
1923|154262.0|||4|12|3|6941|162
1924|2835078.0|||1|12|3|6945|162
1925|1276722.0|||2|12|3|6945|162
1926|3969977.0|351301.0||1|12|3|6946|162
1927|2953477.0|217648.0||2|12|3|6946|162
1928|21395.0|1893.0||4|12|3|6946|162
1929|1578.0|||2|12|3|6947|162
1930|15878.0|44769.0|0.0|1|12|1|6947|162
1931|167977.0|||1|13|3|6925|162
1932|25434042.0|||2|13|3|6925|162
1933|79555.0|||1|13|3|6926|162
1934|134203.0|48367.0||2|13|3|6926|162
1935|12672.0|||2|13|3|6927|162
1936|137943.0|84268.0||1|13|3|6928|162
1937|1004806.0|491857.0||2|13|3|6928|162
1938|20532.0|||1|13|3|6929|162
1939|1039014.0|146661.0||2|13|3|6929|162
1940|1761448.0|101252.0||1|13|3|6931|162
1941|6200832.0|226540.0||2|13|3|6931|162
1942|324101.0|18630.0||4|13|3|6931|162
1943|3775704.0|177606.0||1|13|3|6933|162
1944|92525884.0|3744315.0||2|13|3|6933|162
1945|611535.0|28766.0||4|13|3|6933|162
1946|7652053.0|324528.0||1|13|3|6934|162
1947|1632551.0|52305.0||2|13|3|6934|162
1948|114347.0|4850.0||4|13|3|6934|162
1949|7760551.0|431242.0||1|13|3|6935|162
1950|6701162.0|281767.0||2|13|3|6935|162
1951|18579.0|1032.0||4|13|3|6935|162
1952|34187.0|3546.0||1|13|3|6936|162
1953|2231169.0|174219.0|2.0|2|13|1|6936|162
1954|491341.0|||1|13|3|6938|162
1955|633040.0|37041.0||2|13|3|6938|162
1956|2212080.0|125543.0||1|13|3|6939|162
1957|4718576.0|||2|13|3|6939|162
1958|247018.0|||1|13|3|6940|162
1959|13476705.0|1368283.0||2|13|3|6940|162
1960|13762.0|||4|13|3|6940|162
1961|536393.0|||1|13|3|6941|162
1962|4146631.0|||2|13|3|6941|162
1963|1153942.0|38451.0||2|13|3|6945|162
1964|2316439.0|96002.0|919.0|1|13|1|6945|162
1965|46320.0|1920.0|18.0|4|13|1|6945|162
1966|2940654.0|281813.0||1|13|3|6946|162
1967|5353986.0|392580.0||2|13|3|6946|162
1968|12730.0|1220.0||4|13|3|6946|162
1969|160356.0|542461.0||1|13|3|6947|162
1970|1945.0|||2|13|3|6947|162
1971|46134.0||30004.0|1|14|1|6925|162
1972|1534351.0||97504.0|2|14|1|6925|162
1973|170867.0||1.0|1|14|1|6926|162
1974|158958.0|54480.0|78.0|2|14|1|6926|162
1975|15963.0||8.0|2|14|1|6927|162
1976|968811.0||12.0|1|14|1|6928|162
1977|310448.0||1320.0|2|14|1|6928|162
1978|11459.0||348.0|1|14|1|6929|162
1979|18606.0|2462.0|1221.0|2|14|1|6929|162
1980|4655878.0|162271.0|2992.0|2|14|1|6931|162
1981|295303.0|17820.0|14.0|4|14|1|6931|162
1982|1051884.0|63476.0|27144.0|1|14|1|6931|162
1983|4023808.0||176.0|1|14|1|6933|162
1984|80258239.0|2986484.0|1044.0|2|14|1|6933|162
1985|604340.0||14.0|4|14|1|6933|162
1986|5751553.0|242047.0|425.0|1|14|1|6934|162
1987|2216248.0|67226.0|3347.0|2|14|1|6934|162
1988|273682.0|11518.0|1.0|4|14|1|6934|162
1989|582350.0|30373.0|270.0|4|14|1|6935|162
1990|8912207.0|464829.0|174552.0|1|14|1|6935|162
1991|8018033.0|302192.0|21722.0|2|14|1|6935|162
1992|7004095.0||560.0|1|14|1|6936|162
1993|1606827.0|175152.0|1558.0|2|14|1|6936|162
1994|66379121.0||1.0|1|14|1|6938|162
1995|398398.0|29209.0|275.0|2|14|1|6938|162
1996|5132.0||481.0|1|14|1|6939|162
1997|94194.0||271.0|2|14|1|6939|162
1998|134044.0||1551.0|1|14|1|6940|162
1999|620440.0||1066.0|2|14|1|6940|162
2000|96801.0||6.0|4|14|1|6940|162
2001|38155.0|1723.0|51.0|1|14|1|6941|162
2002|1873795.0||572.0|2|14|1|6941|162
2003|1496374.0|53184.0|1292.0|1|14|1|6945|162
2004|1291393.0|37573.0|7619.0|2|14|1|6945|162
2005|1838634.0|146485.0|44525.0|1|14|1|6946|162
2006|3095298.0|196335.0|63617.0|2|14|1|6946|162
2007|41.0|3.0|2.0|4|14|1|6946|162
2008|2173.0||97.0|2|14|1|6947|162
2009|13219.0||7.0|1|15|1|6925|162
2010|511113.0|31598.0|1042.0|2|15|1|6925|162
2011|238.0||2.0|2|15|1|6926|162
2012|80.0||4.0|2|15|1|6927|162
2013|182122.0||1292.0|1|15|1|6928|162
2014|314571.0||4407.0|2|15|1|6928|162
2015|1295299.0||2.0|1|15|1|6929|162
2016|56552.0|6887.0|499.0|2|15|1|6929|162
2017|438824.0|24880.0|30639.0|1|15|1|6931|162
2018|4519029.0|160301.0|12696.0|2|15|1|6931|162
2019|5119143.0|209962.0|165.0|1|15|1|6933|162
2020|59008109.0||7870.0|2|15|1|6933|162
2021|4216055.0|164439.0|273.0|1|15|1|6934|162
2022|5052656.0|135881.0|9617.0|2|15|1|6934|162
2023|9505854.0|494327.0|12074.0|1|15|1|6935|162
2024|7598780.0|268777.0|14870.0|2|15|1|6935|162
2025|94650.0|10961.0|38.0|1|15|1|6936|162
2026|3725964.0||60.0|2|15|1|6936|162
2027|5300851.0||8.0|1|15|1|6938|162
2028|3009911.0|318961.0|16.0|2|15|1|6938|162
2029|72350.0||7.0|1|15|1|6939|162
2030|11278.0||35.0|2|15|1|6939|162
2031|115925.0||95.0|1|15|1|6940|162
2032|144811.0||460.0|2|15|1|6940|162
2033|356319.0|15324.0|320.0|1|15|1|6941|162
2034|619208.0|21417.0|1432.0|2|15|1|6941|162
2035|1757673.0|57354.0|206112.0|1|15|1|6945|162
2036|551388.0|16689.0|1308.0|2|15|1|6945|162
2037|11382659.0|955900.0|43951.0|1|15|1|6946|162
2038|335646.0|22466.0|8227.0|2|15|1|6946|162
2039|1946.0||1.0|1|15|1|6947|162
2040|51535.0|1640.0|182.0|2|15|1|6947|162
2041|1980.0|142.0|6000.0|1|16|1|6925|162
2042|404952.0|35100.0|3519.0|2|16|1|6925|162
2043|7337.0|4905.0|2.0|2|16|1|6926|162
2044|25898.0||2.0|2|16|1|6927|162
2045|21245127.0||1410.0|1|16|1|6928|162
2046|1042898.0|555404.0|39.0|2|16|1|6928|162
2047|5392747.0||70.0|1|16|1|6929|162
2048|3155.0|473.0|2.0|2|16|1|6929|162
2049|372326.0|20922.0|22925.0|1|16|1|6931|162
2050|6646139.0|268770.0|136237.0|2|16|1|6931|162
2051|3052554.0|139464.0|127.0|1|16|1|6933|162
2052|83881999.0|3078238.0|1421.0|2|16|1|6933|162
2053|271111.0|12386.0|15.0|4|16|1|6933|162
2054|15409209.0|620883.0|186.0|1|16|1|6934|162
2055|12731827.0|345113.0|851.0|2|16|1|6934|162
2056|12147181.0|643846.0|23818.0|1|16|1|6935|162
2057|13098211.0|530427.0|32644.0|2|16|1|6935|162
2058|20687.0|1096.0|1.0|4|16|1|6935|162
2059|951183.0||25.0|1|16|1|6936|162
2060|3253771.0||188.0|2|16|1|6936|162
2061|6890539.0||7.0|1|16|1|6938|162
2062|4617355.0||385.0|2|16|1|6938|162
2063|1006099.0|68606.0|21.0|2|16|1|6939|162
2064|534748.0||4383.0|1|16|1|6940|162
2065|337619.0||284.0|2|16|1|6940|162
2066|200752.0||2.0|4|16|1|6940|162
2067|223113645.0|38037.0|5435.0|1|16|1|6941|162
2068|1978454.0|105586.0|440.0|2|16|1|6941|162
2069|223.0|9.0|2.0|4|16|1|6941|162
2070|2153700.0|72418.0|2152.0|1|16|1|6945|162
2071|764641.0|24315.0|272.0|2|16|1|6945|162
2072|264.0|9.0|7.0|4|16|1|6945|162
2073|1565202.0|136954.0|17108.0|1|16|1|6946|162
2074|1362952.0|94060.0|71694.0|2|16|1|6946|162
2075|3623.0|317.0|3.0|4|16|1|6946|162
2076|1840.0||9.0|1|16|1|6947|162
2077|12630.0||140.0|2|16|1|6947|162
2078|134146.0||59.0|1|17|1|6925|162
2079|461043.0||32.0|2|17|1|6925|162
2080|73991.0|48724.0|2.0|2|17|1|6926|162
2081|2077593.0||2189.0|1|17|1|6928|162
2082|1021389.0|626542.0|87.0|2|17|1|6928|162
2083|3101226.0||94.0|1|17|1|6929|162
2084|1326208.0||212.0|2|17|1|6929|162
2085|617239.0|36423.0|30563.0|1|17|1|6931|162
2086|5858358.0|287146.0|23170.0|2|17|1|6931|162
2087|3121635.0||131.0|1|17|1|6933|162
2088|57313426.0|2415651.0|25183.0|2|17|1|6933|162
2089|16413205.0|756108.0|253.0|1|17|1|6934|162
2090|32292325.0|987606.0|300592.0|2|17|1|6934|162
2091|18117862.0||22400.0|1|17|1|6935|162
2092|7697318.0|330543.0|657016.0|2|17|1|6935|162
2093|502263.0|87106.0|133.0|1|17|1|6936|162
2094|27422.0||130.0|2|17|1|6936|162
2095|7138879.0||4.0|1|17|1|6938|162
2096|282919.0||38.0|2|17|1|6938|162
2097|166856.0|22427.0|3.0|1|17|1|6939|162
2098|1650736.0|159954.0|163.0|2|17|1|6939|162
2099|291665.0||3864.0|1|17|1|6940|162
2100|1100967.0|187397.0|447.0|2|17|1|6940|162
2101|266811415.0||1946.0|1|17|1|6941|162
2102|440383.0|19408.0|357.0|2|17|1|6941|162
2103|2817641.0|97891.0|930.0|1|17|1|6945|162
2104|337896.0|11445.0|883.0|2|17|1|6945|162
2105|5279809.0||15853.0|1|17|1|6946|162
2106|1984494.0|161235.0|13732.0|2|17|1|6946|162
2107|1046.0||2.0|1|17|1|6947|162
2108|7014.0||55.0|2|17|1|6947|162
2109|67811.0||119.0|1|18|1|6925|162
2110|1642557.0||10.0|2|18|1|6925|162
2111|250160.0|250518.0|28261.0|1|18|1|6928|162
2112|3042110.0|3760447.0|598.0|2|18|1|6928|162
2113|10252869.0|4479340.0|1328.0|1|18|1|6929|162
2114|11982369.0|4170597.0|17.0|2|18|1|6929|162
2115|700357.0|46990.0|30700.0|1|18|1|6931|162
2116|4395615.0|220196.0|15034.0|2|18|1|6931|162
2117|73593.0|4938.0|5.0|4|18|1|6931|162
2118|2010454.0|102499.0|300.0|1|18|1|6933|162
2119|48390515.0|2139811.0|989.0|2|18|1|6933|162
2120|370613.0|18895.0|24.0|4|18|1|6933|162
2121|13825889.0|637758.0|390.0|1|18|1|6934|162
2122|7450357.0|269541.0|46.0|2|18|1|6934|162
2123|22548017.0||16190.0|1|18|1|6935|162
2124|5641882.0|278474.0|56684.0|2|18|1|6935|162
2125|55150.0||42.0|4|18|1|6935|162
2126|940.0|282.0|23.0|1|18|1|6936|162
2127|271470.0|43137.0|1055.0|2|18|1|6936|162
2128|8826.0||14.0|1|18|1|6938|162
2129|6217134.0|2873069.0|117317.0|2|18|1|6938|162
2130|623268.0||15.0|1|18|1|6939|162
2131|120297.0||5.0|2|18|1|6939|162
2132|38209.0||13.0|4|18|1|6939|162
2133|111532.0||5767.0|1|18|1|6940|162
2134|354069.0||335.0|2|18|1|6940|162
2135|1089.0||8.0|4|18|1|6940|162
2136|213654975.0|13410004.0|745.0|1|18|1|6941|162
2137|927650.0|48965.0|1647.0|2|18|1|6941|162
2138|1779211.0|64082.0|1684.0|1|18|1|6945|162
2139|456674.0|17007.0|304.0|2|18|1|6945|162
2140|438.0|16.0|3.0|4|18|1|6945|162
2141|793977.0|93023.0|1098998.0|1|18|1|6946|162
2142|5968188.0|482167.0|28168.0|2|18|1|6946|162
2143|13550.0|1588.0|20.0|4|18|1|6946|162
2144|8930.0|49573.0|12.0|1|18|1|6947|162
2145|30696.0||102.0|2|18|1|6947|162
2146|2748.0||8.0|1|19|1|6925|162
2147|422851.0||403.0|2|19|1|6925|162
2148|13200.0|9847.0|1.0|2|19|1|6926|162
2149|228386.0|228714.0|382.0|1|19|1|6928|162
2150|1186170.0|1466262.0|874.0|2|19|1|6928|162
2151|3999512.0|1747333.0|5.0|1|19|1|6929|162
2152|63105.0|21965.0|7.0|2|19|1|6929|162
2153|524579.0|35196.0|51506.0|1|19|1|6931|162
2154|5290202.0|265010.0|7926.0|2|19|1|6931|162
2155|3187595.0|162513.0|674.0|1|19|1|6933|162
2156|52186809.0|2307681.0|11368.0|2|19|1|6933|162
2157|15090545.0|696093.0|3235.0|1|19|1|6934|162
2158|2121271.0|76744.0|328.0|2|19|1|6934|162
2159|9357079.0||11574.0|1|19|1|6935|162
2160|8402564.0|414737.0|15780.0|2|19|1|6935|162
2161|2554.0|766.0|1735.0|1|19|1|6936|162
2162|212578.0|33779.0|321.0|2|19|1|6936|162
2163|860.0|397.0|8.0|2|19|1|6938|162
2164|116303.0||8.0|2|19|1|6939|162
2165|51326.0||118.0|1|19|1|6940|162
2166|317719.0||4062.0|2|19|1|6940|162
2167|15539504.0|975412.0|183.0|1|19|1|6941|162
2168|1672146.0|91962.0|2475.0|2|19|1|6941|162
2169|1632056.0|58782.0|1024.0|1|19|1|6945|162
2170|453864.0|16903.0|1161.0|2|19|1|6945|162
2171|1067109.0|125024.0|23800.0|1|19|1|6946|162
2172|512079.0|41371.0|11512.0|2|19|1|6946|162
2173|1401.0|7778.0|6.0|1|19|1|6947|162
2174|126184.0||54.0|2|19|1|6947|162
2175|15254.0||120.0|1|20|1|6925|162
2176|120302.0||36.0|2|20|1|6925|162
2177|25299.0|18872.0|4.0|2|20|1|6926|162
2178|46191.0|46258.0|63.0|1|20|1|6928|162
2179|1077217.0|1331582.0|81.0|2|20|1|6928|162
2180|9314289.0|4069287.0|6.0|1|20|1|6929|162
2181|26206.0|9121.0|10.0|2|20|1|6929|162
2182|362179.0|24300.0|56223.0|1|20|1|6931|162
2183|5542221.0|277634.0|7626.0|2|20|1|6931|162
2184|2240248.0|114214.0|111.0|1|20|1|6933|162
2185|31027954.0|1372045.0|25618.0|2|20|1|6933|162
2186|11408450.0|526246.0|2288.0|1|20|1|6934|162
2187|1252616.0|45318.0|628.0|2|20|1|6934|162
2188|6765750.0||17353.0|1|20|1|6935|162
2189|7860239.0|387969.0|18789.0|2|20|1|6935|162
2190|3287434.0|986100.0|40.0|1|20|1|6936|162
2191|18588.0|2954.0|1653.0|2|20|1|6936|162
2192|117153.0||1.0|1|20|1|6938|162
2193|5899.0|2726.0|93.0|2|20|1|6938|162
2194|9615.0||6.0|2|20|1|6939|162
2195|1270.0||22.0|1|20|1|6940|162
2196|112479.0||662.0|2|20|1|6940|162
2197|466133060.0|1127266.0|5901.0|1|20|1|6941|162
2198|1520675.0|85207.0|1889.0|2|20|1|6941|162
2199|1502918.0|54131.0|3613.0|1|20|1|6945|162
2200|1181753.0|44010.0|63267.0|2|20|1|6945|162
2201|418138.0|48990.0|9938.0|1|20|1|6946|162
2202|214386.0|17320.0|3840.0|2|20|1|6946|162
2203|62189.0|345245.0|3.0|1|20|1|6947|162
2204|34.0||3.0|2|20|1|6947|162
2205|233014.0||68.0|2|21|1|6925|162
2206|232.0||5.0|1|21|1|6926|162
2207|86163.0|81738.0|8.0|2|21|1|6926|162
2208|878.0|1344.0|6.0|2|21|1|6927|162
2209|40460.0|44223.0|1009.0|1|21|1|6928|162
2210|246608.0|342896.0|840.0|2|21|1|6928|162
2211|19886914.0|5762014.0|15.0|1|21|1|6929|162
2212|382875.0|99865.0|15.0|2|21|1|6929|162
2213|12652.0|3666.0|1.0|4|21|1|6929|162
2214|296659.0|17944.0|35020.0|1|21|1|6931|162
2215|2813021.0|135929.0|1819.0|2|21|1|6931|162
2216|5427.0|328.0|4.0|4|21|1|6931|162
2217|991520.0|58743.0|861.0|1|21|1|6933|162
2218|32567781.0|1644834.0|3707.0|2|21|1|6933|162
2219|29683.0|1759.0|2.0|4|21|1|6933|162
2220|3317059.0|166326.0|4449.0|1|21|1|6934|162
2221|3297338.0|122740.0|45.0|2|21|1|6934|162
2222|3086187.0|213784.0|13848.0|1|21|1|6935|162
2223|9091180.0|504356.0|7973.0|2|21|1|6935|162
2224|125653.0|8704.0|26.0|4|21|1|6935|162
2225|125928.0||52.0|1|21|1|6936|162
2226|173806.0|40242.0|252.0|2|21|1|6936|162
2227|57813.0||18.0|2|21|1|6938|162
2228|345932.0||20.0|2|21|1|6939|162
2229|13381.0||98.0|1|21|1|6940|162
2230|161661.0|36014.0|1899.0|2|21|1|6940|162
2231|13318.0||2.0|4|21|1|6940|162
2232|124611181.0||6081.0|1|21|1|6941|162
2233|1370370.0|63041.0|26774.0|2|21|1|6941|162
2234|2719421.0|107846.0|4225.0|1|21|1|6945|162
2235|921564.0|36815.0|42866.0|2|21|1|6945|162
2236|280.0|11.0|2.0|4|21|1|6945|162
2237|404194.0||12187.0|1|21|1|6946|162
2238|767887.0|56143.0|144085.0|2|21|1|6946|162
2239|66617.0||1.0|2|21|1|6947|162
2240|20930.0||41.0|1|9|1|6925|162
2241|171290.0|39556.0|264.0|2|9|1|6925|162
2242|49674.0|59064.0|5.0|2|9|1|6926|162
2243|6203.0||188.0|2|9|1|6927|162
2244|5548.0||136.0|1|9|1|6928|162
2245|29243559.0|37325553.0|5818.0|2|9|1|6928|162
2246|3456252.0||114.0|1|9|1|6929|162
2247|1039093.0|343129.0|8228.0|2|9|1|6929|162
2248|202996.0|14770.0|44652.0|1|9|1|6931|162
2249|1777123.0|105811.0|7483.0|2|9|1|6931|162
2250|620017.0|42300.0|1376.0|1|9|1|6933|162
2251|21633005.0|1272122.0|24258.0|2|9|1|6933|162
2252|24028.0|1639.0|2.0|4|9|1|6933|162
2253|1056455.0||3007.0|1|9|1|6934|162
2254|2321057.0|102990.0|33484.0|2|9|1|6934|162
2255|2669.0||2.0|4|9|1|6934|162
2256|2677344.0|200345.0|13459.0|1|9|1|6935|162
2257|7407489.0|420383.0|94281.0|2|9|1|6935|162
2258|23677.0|1772.0|223.0|4|9|1|6935|162
2259|12450.0|5512.0|61.0|1|9|1|6936|162
2260|20882.0|7609.0|3930.0|2|9|1|6936|162
2261|22196.0||436.0|1|9|1|6938|162
2262|5751.0||6.0|2|9|1|6938|162
2263|168290.0||114.0|2|9|1|6939|162
2264|10031.0||74.0|1|9|1|6940|162
2265|32111.0||6869.0|2|9|1|6940|162
2266|9674.0||2.0|4|9|1|6940|162
2267|104976.0|7272.0|4614.0|1|9|1|6941|162
2268|763703.0|48042.0|10998.0|2|9|1|6941|162
2269|1214051.0|54362.0|2905.0|1|9|1|6945|162
2270|847170.0|37613.0|11334.0|2|9|1|6945|162
2271|24970.0|1118.0|13.0|4|9|1|6945|162
2272|532990.0||418657.0|1|9|1|6946|162
2273|85970.0|7737.0|15267.0|2|9|1|6946|162
2274|38305.0||4.0|4|9|1|6946|162
